CREATE TABLE categories (
    category_id INTEGER PRIMARY KEY,
    category_name VARCHAR(50),
    description VARCHAR(255)
);

INSERT INTO categories (category_id, category_name, description) VALUES
(1, 'Beverages', 'Soft drinks, coffees, teas, beers, and ales'),
(2, 'Condiments', 'Sweet and savory sauces, relishes, spreads, and seasonings'),
(3, 'Confections', 'Desserts, candies, and sweet breads'),
(4, 'Dairy Products', 'Cheeses'),
(5, 'Grains/Cereals', 'Breads, crackers, pasta, and cereal'),
(6, 'Meat/Poultry', 'Prepared meats'),
(7, 'Produce', 'Dried fruit and bean curd'),
(8, 'Seafood', 'Seaweed and fish');


 CREATE TABLE customers (
    customer_id VARCHAR(5) PRIMARY KEY,
    company_name VARCHAR(50),
    contact_name VARCHAR(30),
    contact_title VARCHAR(30),
    address VARCHAR(100),
    city VARCHAR(50),
    region VARCHAR(50),
    postal_code VARCHAR(10),
    country VARCHAR(50),
    phone VARCHAR(20),
    fax VARCHAR(20)
);

INSERT INTO customers (customer_id, company_name, contact_name, contact_title, address, city, region, postal_code, country, phone, fax)
VALUES
    ('ALFKI', 'Alfreds Futterkiste', 'Maria Anders', 'Sales Representative', 'Obere Str. 57', 'Berlin', 'Western Europe', '12209', 'Germany', '030-0074321', '030-0076545'),
    ('ANATR', 'Ana Trujillo Emparedados y helados', 'Ana Trujillo', 'Owner', 'Avda. de la Constitución 2222', 'México D.F.', 'Central America', '05021', 'Mexico', '(5) 555-4729', '(5) 555-3745'),
    ('ANTON', 'Antonio Moreno Taquería', 'Antonio Moreno', 'Owner', 'Mataderos 2312', 'México D.F.', 'Central America', '05023', 'Mexico', '(5) 555-3932', NULL),
    ('AROUT', 'Around the Horn', 'Thomas Hardy', 'Sales Representative', '120 Hanover Sq.', 'London', 'British Isles', 'WA1 1DP', 'UK', '(171) 555-7788', '(171) 555-6750'),
    ('BERGS', 'Berglunds snabbköp', 'Christina Berglund', 'Order Administrator', 'Berguvsvägen 8', 'Luleå', 'Northern Europe', 'S-958 22', 'Sweden', '0921-12 34 65', '0921-12 34 67'),
    ('BLAUS', 'Blauer See Delikatessen', 'Hanna Moos', 'Sales Representative', 'Forsterstr. 57', 'Mannheim', 'Western Europe', '68306', 'Germany', '0621-08460', '0621-08924'),
    ('BLONP', 'Blondesddsl père et fils', 'Frédérique Citeaux', 'Marketing Manager', '24, place Kléber', 'Strasbourg', 'Western Europe', '67000', 'France', '88.60.15.31', '88.60.15.32'),
    ('BOLID', 'Bólido Comidas preparadas', 'Martín Sommer', 'Owner', 'C/ Araquil, 67', 'Madrid', 'Southern Europe', '28023', 'Spain', '(91) 555 22 82', '(91) 555 91 99'),
    ('BONAP', 'Bon app', 'Laurence Lebihan', 'Owner', '12, rue des Bouchers', 'Marseille', 'Western Europe', '13008', 'France', '91.24.45.40', '91.24.45.41'),
    ('BOTTM', 'Bottom-Dollar Markets', 'Elizabeth Lincoln', 'Accounting Manager', '23 Tsawassen Blvd.', 'Tsawassen', 'North America', 'T2F 8M4', 'Canada', '(604) 555-4729', '(604) 555-3745'),
    ('BSBEV', 'B s Beverages', 'Victoria Ashworth', 'Sales Representative', 'Fauntleroy Circus', 'London', 'British Isles', 'EC2 5NT', 'UK', '(171) 555-1212', NULL),
    ('CACTU', 'Cactus Comidas para llevar', 'Patricio Simpson', 'Sales Agent', 'Cerrito 333', 'Buenos Aires', 'South America', '1010', 'Argentina', '(1) 135-5555', '(1) 135-4892'),
    ('CENTC', 'Centro comercial Moctezuma', 'Francisco Chang', 'Marketing Manager', 'Sierras de Granada 9993', 'México D.F.', 'Central America', '05022', 'Mexico', '(5) 555-3392', '(5) 555-7293'),
    ('CHOPS', 'Chop-suey Chinese', 'Yang Wang', 'Owner', 'Hauptstr. 29', 'Bern', 'Western Europe', '3012', 'Switzerland', '0452-076545', NULL),
    ('COMMI', 'Comércio Mineiro', 'Pedro Afonso', 'Sales Associate', 'Av. dos Lusíadas, 23', 'Sao Paulo', 'South America', '05432-043', 'Brazil', '(11) 555-7647', NULL),
    ('CONSH', 'Consolidated Holdings', 'Elizabeth Brown', 'Sales Representative', 'Berkeley Gardens 12 Brewery', 'London', 'British Isles', 'WX1 6LT', 'UK', '(171) 555-2282', '(171) 555-9199'),
    ('DRACD', 'Drachenblut Delikatessen', 'Sven Ottlieb', 'Order Administrator', 'Walserweg 21', 'Aachen', 'Western Europe', '52066', 'Germany', '0241-039123', '0241-059428'),
    ('DUMON', 'Du monde entier', 'Janine Labrune', 'Owner', '67, rue des Cinquante Otages', 'Nantes', 'Western Europe', '44000', 'France', '40.67.88.88', '40.67.89.89'),
    ('EASTC', 'Eastern Connection', 'Ann Devon', 'Sales Agent', '35 King George', 'London', 'British Isles', 'WX3 6FW', 'UK', '(171) 555-0297', '(171) 555-3373'),
    ('ERNSH', 'Ernst Handel', 'Roland Mendel', 'Sales Manager', 'Kirchgasse 6', 'Graz', 'Western Europe', '8010', 'Austria', '7675-3425', '7675-3426'),
    ('FAMIA', 'Familia Arquibaldo', 'Aria Cruz', 'Marketing Assistant', 'Rua Orós, 92', 'Sao Paulo', 'South America', '05442-030', 'Brazil', '(11) 555-9857', NULL),
    ('FISSA', 'FISSA Fabrica Inter. Salchichas S.A.', 'Diego Roel', 'Accounting Manager', 'C/ Moralzarzal, 86', 'Madrid', 'Southern Europe', '28034', 'Spain', '(91) 555 94 44', '(91) 555 55 93'),
    ('FOLIG', 'Folies gourmandes', 'Martine Rancé', 'Assistant Sales Agent', '184, chaussée de Tournai', 'Lille', 'Western Europe', '59000', 'France', '20.16.10.16', '20.16.10.17'),
    ('FOLKO', 'Folk och fä HB', 'Maria Larsson', 'Owner', 'Åkergatan 24', 'Bräcke', 'Northern Europe', 'S-844 67', 'Sweden', '0695-34 67 21', NULL),
    ('FRANK', 'Frankenversand', 'Peter Franken', 'Marketing Manager', 'Berliner Platz 43', 'München', 'Western Europe', '80805', 'Germany', '089-0877310', '089-0877451'),
    ('FRANR', 'France restauration', 'Carine Schmitt', 'Marketing Manager', '54, rue Royale', 'Nantes', 'Western Europe', '44000', 'France', '40.32.21.21', '40.32.21.20'),
    ('FRANS', 'Franchi S.p.A.', 'Paolo Accorti', 'Sales Representative', 'Via Monte Bianco 34', 'Torino', 'Southern Europe', '10100', 'Italy', '011-4988260', '011-4988261'),
    ('FURIB', 'Furia Bacalhau e Frutos do Mar', 'Lino Rodriguez ', 'Sales Manager', 'Jardim das rosas n. 32', 'Lisboa', 'Southern Europe', '1675', 'Portugal', '(1) 354-2534', '(1) 354-2535'),
    ('GALED', 'Galería del gastrónomo', 'Eduardo Saavedra', 'Marketing Manager', 'Rambla de Cataluña, 23', 'Barcelona', 'Southern Europe', '08022', 'Spain', '(93) 203 4560', '(93) 203 4561'),
    ('GODOS', 'Godos Cocina Típica', 'José Pedro Freyre', 'Sales Manager', 'C/ Romero, 33', 'Sevilla', 'Southern Europe', '41101', 'Spain', '(95) 555 82 82', NULL),
    ('GOURL', 'Gourmet Lanchonetes', 'André Fonseca', 'Sales Associate', 'Av. Brasil, 442', 'Campinas', 'South America', '04876-786', 'Brazil', '(11) 555-9482', NULL),
    ('GREAL', 'Great Lakes Food Market', 'Howard Snyder', 'Marketing Manager', '2732 Baker Blvd.', 'Eugene', 'North America', '97403', 'USA', '(503) 555-7555', NULL),
    ('GROSR', 'GROSELLA-Restaurante', 'Manuel Pereira', 'Owner', '5ª Ave. Los Palos Grandes', 'Caracas', 'South America', '1081', 'Venezuela', '(2) 283-2951', '(2) 283-3397'),
    ('HANAR', 'Hanari Carnes', 'Mario Pontes', 'Accounting Manager', 'Rua do Paço, 67', 'Rio de Janeiro', 'South America', '05454-876', 'Brazil', '(21) 555-0091', '(21) 555-8765'),
    ('HILAA', 'HILARION-Abastos', 'Carlos Hernández', 'Sales Representative', 'Carrera 22 con Ave. Carlos Soublette #8-35', 'San Cristóbal', 'South America', '5022', 'Venezuela', '(5) 555-1340', '(5) 555-1948'),
    ('HUNGC', 'Hungry Coyote Import Store', 'Yoshi Latimer', 'Sales Representative', 'City Center Plaza 516 Main St.', 'Elgin', 'North America', '97827', 'USA', '(503) 555-6874', '(503) 555-2376'),
    ('HUNGO', 'Hungry Owl All-Night Grocers', 'Patricia McKenna', 'Sales Associate', '8 Johnstown Road', 'Cork', 'British Isles', NULL, 'Ireland', '2967 542', '2967 3333'),
    ('ISLAT', 'Island Trading', 'Helen Bennett', 'Marketing Manager', 'Garden House Crowther Way', 'Cowes', 'British Isles', 'PO31 7PJ', 'UK', '(198) 555-8888', NULL),
    ('KOENE', 'Königlich Essen', 'Philip Cramer', 'Sales Associate', 'Maubelstr. 90', 'Brandenburg', 'Western Europe', '14776', 'Germany', '0555-09876', NULL),
    ('LACOR', 'La corne d abondance', 'Daniel Tonini', 'Sales Representative', '67, avenue de l Europe', 'Versailles', 'Western Europe', '78000', 'France', '30.59.84.10', '30.59.85.11'),
    ('LAMAI', 'La maison d Asie', 'Annette Roulet', 'Sales Manager', '1 rue Alsace-Lorraine', 'Toulouse', 'Western Europe', '31000', 'France', '61.77.61.10', '61.77.61.11'),
    ('LAUGB', 'Laughing Bacchus Wine Cellars', 'Yoshi Tannamuri', 'Marketing Assistant', '1900 Oak St.', 'Vancouver', 'North America', 'V3F 2K1', 'Canada', '(604) 555-3392', '(604) 555-7293'),
    ('LAZYK', 'Lazy K Kountry Store', 'John Steel', 'Marketing Manager', '12 Orchestra Terrace', 'Walla Walla', 'North America', '99362', 'USA', '(509) 555-7969', '(509) 555-6221'),
    ('LEHMS', 'Lehmanns Marktstand', 'Renate Messner', 'Sales Representative', 'Magazinweg 7', 'Frankfurt a.M.', 'Western Europe', '60528', 'Germany', '069-0245984', '069-0245874'),
    ('LETSS', 'Let s Stop N Shop', 'Jaime Yorres', 'Owner', '87 Polk St. Suite 5', 'San Francisco', 'North America', '94117', 'USA', '(415) 555-5938', NULL),
    ('LILAS', 'LILA-Supermercado', 'Carlos González', 'Accounting Manager', 'Carrera 52 con Ave. Bolívar #65-98 Llano Largo', 'Barquisimeto', 'South America', '3508', 'Venezuela', '(9) 331-6954', '(9) 331-7256'),
    ('LINOD', 'LINO-Delicateses', 'Felipe Izquierdo', 'Owner', 'Ave. 5 de Mayo Porlamar', 'I. de Margarita', 'South America', '4980', 'Venezuela', '(8) 34-56-12', NULL),
    ('LONEP', 'Lonesome Pine Restaurant', 'Fran Wilson', 'Sales Manager', '89 Chiaroscuro Rd.', 'Portland', 'North America', '97219', 'USA', '(503) 555-9573', '(503) 555-9646'),
    ('MAGAA', 'Magazzini Alimentari Riuniti', 'Giovanni Rovelli', 'Marketing Manager', 'Via Ludovico il Moro 22', 'Bergamo', 'Southern Europe', '24100', 'Italy', '035-640230', '035-640231'),
    ('MAISD', 'Maison Dewey', 'Catherine Dewey', 'Sales Agent', 'Rue Joseph-Bens 532', 'Bruxelles', 'Western Europe', 'B-1180', 'Belgium', '(02) 201 24 67', '(02) 201 24 68'),
    ('MEREP', 'Mère Paillarde', 'Jean Fresnière', 'Marketing Assistant', '43 rue St. Laurent', 'Montréal', 'North America', 'H1J 1C3', 'Canada', '(514) 555-8054', '(514) 555-8055'),
    ('MORGK', 'Morgenstern Gesundkost', 'Alexander Feuer', 'Marketing Assistant', 'Heerstr. 22', 'Leipzig', 'Western Europe', '04179', 'Germany', '0342-023176', NULL),
    ('NORTS', 'North/South', 'Simon Crowther', 'Sales Associate', 'South House 300 Queensbridge', 'London', 'British Isles', 'SW7 1RZ', 'UK', '(171) 555-7733', '(171) 555-2530'),
    ('OCEAN', 'Océano Atlántico Ltda.', 'Yvonne Moncada', 'Sales Agent', 'Ing. Gustavo Moncada 8585 Piso 20-A', 'Buenos Aires', 'South America', '1010', 'Argentina', '(1) 135-5333', '(1) 135-5535'),
    ('OLDWO', 'Old World Delicatessen', 'Rene Phillips', 'Sales Representative', '2743 Bering St.', 'Anchorage', 'North America', '99508', 'USA', '(907) 555-7584', '(907) 555-2880'),
    ('OTTIK', 'Ottilies Käseladen', 'Henriette Pfalzheim', 'Owner', 'Mehrheimerstr. 369', 'Köln', 'Western Europe', '50739', 'Germany', '0221-0644327', '0221-0765721'),
    ('PARIS', 'Paris spécialités', 'Marie Bertrand', 'Owner', '265, boulevard Charonne', 'Paris', 'Western Europe', '75012', 'France', '(1) 42.34.22.66', '(1) 42.34.22.77'),
    ('PERIC', 'Pericles Comidas clásicas', 'Guillermo Fernández', 'Sales Representative', 'Calle Dr. Jorge Cash 321', 'México D.F.', 'Central America', '05033', 'Mexico', '(5) 552-3745', '(5) 545-3745'),
    ('PICCO', 'Piccolo und mehr', 'Georg Pipps', 'Sales Manager', 'Geislweg 14', 'Salzburg', 'Western Europe', '5020', 'Austria', '6562-9722', '6562-9723'),
    ('PRINI', 'Princesa Isabel Vinhoss', 'Isabel de Castro', 'Sales Representative', 'Estrada da saúde n. 58', 'Lisboa', 'Southern Europe', '1756', 'Portugal', '(1) 356-5634', NULL),
    ('QUEDE', 'Que Delícia', 'Bernardo Batista', 'Accounting Manager', 'Rua da Panificadora, 12', 'Rio de Janeiro', 'South America', '02389-673', 'Brazil', '(21) 555-4252', '(21) 555-4545'),
    ('QUEEN', 'Queen Cozinha', 'Lúcia Carvalho', 'Marketing Assistant', 'Alameda dos Canàrios, 891', 'Sao Paulo', 'South America', '05487-020', 'Brazil', '(11) 555-1189', NULL),
    ('QUICK', 'QUICK-Stop', 'Horst Kloss', 'Accounting Manager', 'Taucherstraße 10', 'Cunewalde', 'Western Europe', '01307', 'Germany', '0372-035188', NULL),
    ('RANCH', 'Rancho grande', 'Sergio Gutiérrez', 'Sales Representative', 'Av. del Libertador 900', 'Buenos Aires', 'South America', '1010', 'Argentina', '(1) 123-5555', '(1) 123-5556'),
    ('RATTC', 'Rattlesnake Canyon Grocery', 'Paula Wilson', 'Assistant Sales Representative', '2817 Milton Dr.', 'Albuquerque', 'North America', '87110', 'USA', '(505) 555-5939', '(505) 555-3620'),
    ('REGGC', 'Reggiani Caseifici', 'Maurizio Moroni', 'Sales Associate', 'Strada Provinciale 124', 'Reggio Emilia', 'Southern Europe', '42100', 'Italy', '0522-556721', '0522-556722'),
    ('RICAR', 'Ricardo Adocicados', 'Janete Limeira', 'Assistant Sales Agent', 'Av. Copacabana, 267', 'Rio de Janeiro', 'South America', '02389-890', 'Brazil', '(21) 555-3412', NULL),
    ('RICSU', 'Richter Supermarkt', 'Michael Holz', 'Sales Manager', 'Grenzacherweg 237', 'Genève', 'Western Europe', '1203', 'Switzerland', '0897-034214', NULL),
    ('ROMEY', 'Romero y tomillo', 'Alejandra Camino', 'Accounting Manager', 'Gran Vía, 1', 'Madrid', 'Southern Europe', '28001', 'Spain', '(91) 745 6200', '(91) 745 6210'),
    ('SANTG', 'Santé Gourmet', 'Jonas Bergulfsen', 'Owner', 'Erling Skakkes gate 78', 'Stavern', 'Northern Europe', '4110', 'Norway', '07-98 92 35', '07-98 92 47'),
    ('SAVEA', 'Save-a-lot Markets', 'Jose Pavarotti', 'Sales Representative', '187 Suffolk Ln.', 'Boise', 'North America', '83720', 'USA', '(208) 555-8097', NULL),
    ('SEVES', 'Seven Seas Imports', 'Hari Kumar', 'Sales Manager', '90 Wadhurst Rd.', 'London', 'British Isles', 'OX15 4NB', 'UK', '(171) 555-1717', '(171) 555-5646'),
    ('SIMOB', 'Simons bistro', 'Jytte Petersen', 'Owner', 'Vinbæltet 34', 'Kobenhavn', 'Northern Europe', '1734', 'Denmark', '31 12 34 56', '31 13 35 57'),
    ('SPECD', 'Spécialités du monde', 'Dominique Perrier', 'Marketing Manager', '25, rue Lauriston', 'Paris', 'Western Europe', '75016', 'France', '(1) 47.55.60.10', '(1) 47.55.60.20'),
    ('SPLIR', 'Split Rail Beer & Ale', 'Art Braunschweiger', 'Sales Manager', 'P.O. Box 555', 'Lander', 'North America', '82520', 'USA', '(307) 555-4680', '(307) 555-6525'),
    ('SUPRD', 'Suprêmes délices', 'Pascale Cartrain', 'Accounting Manager', 'Boulevard Tirou, 255', 'Charleroi', 'Western Europe', 'B-6000', 'Belgium', '(071) 23 67 22 20', '(071) 23 67 22 21'),
    ('THEBI', 'The Big Cheese', 'Liz Nixon', 'Marketing Manager', '89 Jefferson Way Suite 2', 'Portland', 'North America', '97201', 'USA', '(503) 555-3612', NULL),
    ('THECR', 'The Cracker Box', 'Liu Wong', 'Marketing Assistant', '55 Grizzly Peak Rd.', 'Butte', 'North America', '59801', 'USA', '(406) 555-5834', '(406) 555-8083'),
    ('TOMSP', 'Toms Spezialitäten', 'Karin Josephs', 'Marketing Manager', 'Luisenstr. 48', 'Münster', 'Western Europe', '44087', 'Germany', '0251-031259', '0251-035695'),
    ('TORTU', 'Tortuga Restaurante', 'Miguel Angel Paolino', 'Owner', 'Avda. Azteca 123', 'México D.F.', 'Central America', '05033', 'Mexico', '(5) 555-2933', NULL),
    ('TRADH', 'Tradição Hipermercados', 'Anabela Domingues', 'Sales Representative', 'Av. Inês de Castro, 414', 'Sao Paulo', 'South America', '05634-030', 'Brazil', '(11) 555-2167', '(11) 555-2168'),
    ('TRAIH', 'Trail s Head Gourmet Provisioners', 'Helvetius Nagy', 'Sales Associate', '722 DaVinci Blvd.', 'Kirkland', 'North America', '98034', 'USA', '(206) 555-8257', '(206) 555-2174'),
    ('VAFFE', 'Vaffeljernet', 'Palle Ibsen', 'Sales Manager', 'Smagsløget 45', 'Århus', 'Northern Europe', '8200', 'Denmark', '86 21 32 43', '86 22 33 44'),
    ('VICTE', 'Victuailles en stock', 'Mary Saveley', 'Sales Agent', '2, rue du Commerce', 'Lyon', 'Western Europe', '69004', 'France', '78.32.54.86', '78.32.54.87'),
    ('VINET', 'Vins et alcools Chevalier', 'Paul Henriot', 'Accounting Manager', '59 rue de l Abbaye', 'Reims', 'Western Europe', '51100', 'France', '26.47.15.10', '26.47.15.11'),
    ('WANDK', 'Die Wandernde Kuh', 'Rita Müller', 'Sales Representative', 'Adenauerallee 900', 'Stuttgart', 'Western Europe', '70563', 'Germany', '0711-020361', '0711-035428'),
    ('WARTH', 'Wartian Herkku', 'Pirkko Koskitalo', 'Accounting Manager', 'Torikatu 38', 'Oulu', 'Northern Europe', '90110', 'Finland', '981-443655', '981-443655'),
    ('WELLI', 'Wellington Importadora', 'Paula Parente', 'Sales Manager', 'Rua do Mercado, 12', 'Resende', 'South America', '08737-363', 'Brazil', '(14) 555-8122', NULL),
    ('WHITC', 'White Clover Markets', 'Karl Jablonski', 'Owner', '305 - 14th Ave. S. Suite 3B', 'Seattle', 'North America', '98128', 'USA', '(206) 555-4112', '(206) 555-4115'),
    ('WILMK', 'Wilman Kala', 'Matti Karttunen', 'Owner/Marketing Assistant', 'Keskuskatu 45', 'Helsinki', 'Northern Europe', '21240', 'Finland', '90-224 8858', '90-224 8858'),
    ('WOLZA', 'Wolski Zajazd', 'Zbyszek Piestrzeniewicz', 'Owner', 'ul. Filtrowa 68', 'Warszawa', 'Eastern Europe', '01-012', 'Poland', '(26) 642-7012', '(26) 642-7012');

CREATE TABLE employees (
    employee_id SERIAL PRIMARY KEY,
    last_name VARCHAR(255),
    first_name VARCHAR(255),
    title VARCHAR(255),
    title_of_courtesy VARCHAR(255),
    birth_date DATE,
    hire_date DATE,
    address VARCHAR(255),
    city VARCHAR(255),
    region VARCHAR(255),
    postal_code VARCHAR(10),
    country VARCHAR(255),
    home_phone VARCHAR(20),
    extension INTEGER,
    report_to INTEGER
);

-- Insert data into the employees table
INSERT INTO employees (last_name, first_name, title, title_of_courtesy, birth_date, hire_date, address, city, region, postal_code, country, home_phone, extension, report_to) VALUES
('Davolio', 'Nancy', 'Sales Representative', 'Ms.', '1968-12-08', '2012-05-01', '507 - 20th Ave. E.Apt. 2A', 'Seattle', 'North America', '98122', 'USA', '(206) 555-9857', 5467, 2),
('Fuller', 'Andrew', 'Vice President, Sales', 'Dr.', '1972-02-19', '2012-08-14', '908 W. Capital Way', 'Tacoma', 'North America', '98401', 'USA', '(206) 555-9482', 3457, NULL),
('Leverling', 'Janet', 'Sales Representative', 'Ms.', '1983-08-30', '2012-04-01', '722 Moss Bay Blvd.', 'Kirkland', 'North America', '98033', 'USA', '(206) 555-3412', 3355, 2),
('Peacock', 'Margaret', 'Sales Representative', 'Mrs.', '1957-09-19', '2013-05-03', '4110 Old Redmond Rd.', 'Redmond', 'North America', '98052', 'USA', '(206) 555-8122', 5176, 2),
('Buchanan', 'Steven', 'Sales Manager', 'Mr.', '1975-03-04', '2013-10-17', '14 Garrett Hill', 'London', 'British Isles', 'SW1 8JR', 'UK', '(71) 555-4848', 3453, 2),
('Suyama', 'Michael', 'Sales Representative', 'Mr.', '1983-07-02', '2013-10-17', 'Coventry House Miner Rd.', 'London', 'British Isles', 'EC2 7JR', 'UK', '(71) 555-7773', 428, 5),
('King', 'Robert', 'Sales Representative', 'Mr.', '1980-05-29', '2014-01-02', 'Edgeham Hollow Winchester Way', 'London', 'British Isles', 'RG1 9SP', 'UK', '(71) 555-5598', 465, 5),
('Callahan', 'Laura', 'Inside Sales Coordinator', 'Ms.', '1978-01-09', '2014-03-05', '4726 - 11th Ave. N.E.', 'Seattle', 'North America', '98105', 'USA', '(206) 555-1189', 2344, 2),
('Dodsworth', 'Anne', 'Sales Representative', 'Ms.', '1986-01-27', '2014-11-15', '7 Houndstooth Rd.', '', '', '', '', '', NULL, NULL);


-- Create the regions table
CREATE TABLE regions (
    region_id INTEGER PRIMARY KEY,
    region_description VARCHAR(50)
);

-- Insert data into the regions table
INSERT INTO regions (region_id, region_description) VALUES
(1, 'Eastern'),
(2, 'Western'),
(3, 'Northern'),
(4, 'Southern');

CREATE TABLE territory (
    territory_id VARCHAR(5) PRIMARY KEY,
    territory_description VARCHAR(50),
    region_id INTEGER,
    FOREIGN KEY (region_id) REFERENCES regions(region_id)
);

-- Insert data into the territory table
INSERT INTO territory (territory_id, territory_description, region_id) VALUES
('01581', 'Westboro', 1),
('01730', 'Bedford', 1),
('01833', 'Georgetown', 1),
('02116', 'Boston', 1),
('02139', 'Cambridge', 1),
('02184', 'Braintree', 1),
('02903', 'Providence', 1),
('03049', 'Hollis', 3),
('03801', 'Portsmouth', 3),
('06897', 'Wilton', 1),
('07960', 'Morristown', 1),
('08837', 'Edison', 1),
('10019', 'New York', 1),
('10038', 'New York', 1),
('11747', 'Melville', 1),
('14450', 'Fairport', 1),
('19428', 'Philadelphia', 3),
('19713', 'Newark', 1),
('20852', 'Rockville', 1),
('27403', 'Greensboro', 1),
('27511', 'Cary', 1),
('29202', 'Columbia', 4),
('30346', 'Atlanta', 4),
('31406', 'Savannah', 4),
('32859', 'Orlando', 4),
('33607', 'Tampa', 4),
('40222', 'Louisville', 1),
('44122', 'Beachwood', 3),
('45839', 'Findlay', 3),
('48075', 'Southfield', 3),
('48084', 'Troy', 3),
('48304', 'Bloomfield Hills', 3),
('53404', 'Racine', 3),
('55113', 'Roseville', 3),
('55439', 'Minneapolis', 3),
('60179', 'Hoffman Estates', 2),
('60601', 'Chicago', 2),
('72716', 'Bentonville', 4),
('75234', 'Dallas', 4),
('78759', 'Austin', 4),
('80202', 'Denver', 2),
('80909', 'Colorado Springs', 2),
('85014', 'Phoenix', 2),
('85251', 'Scottsdale', 2),
('90405', 'Santa Monica', 2),
('94025', 'Menlo Park', 2),
('94105', 'San Francisco', 2),
('95008', 'Campbell', 2),
('95054', 'Santa Clara', 2),
('95060', 'Santa Cruz', 2),
('98004', 'Bellevue', 2),
('98052', 'Redmond', 2),
('98104', 'Seattle', 2);

CREATE TABLE employee_territories (
    employee_id INTEGER,
    territory_id VARCHAR(10),
    FOREIGN KEY (employee_id) REFERENCES employees(employee_id),
    FOREIGN KEY (territory_id) REFERENCES territory(territory_id)
);

-- Insert data into the employee_territories table
INSERT INTO employee_territories (employee_id, territory_id) VALUES
(1, '06897'),
(1, '19713'),
(2, '01581'),
(2, '01730'),
(2, '01833'),
(2, '02116'),
(2, '02139'),
(2, '02184'),
(2, '40222'),
(3, '30346'),
(3, '31406'),
(3, '32859'),
(3, '33607'),
(4, '20852'),
(4, '27403'),
(4, '27511'),
(5, '02903'),
(5, '07960'),
(5, '08837'),
(5, '10019'),
(5, '10038'),
(5, '11747'),
(5, '14450'),
(6, '85014'),
(6, '85251'),
(6, '98004'),
(6, '98052'),
(6, '98104'),
(7, '60179'),
(7, '60601'),
(7, '80202'),
(7, '80909'),
(7, '90405'),
(7, '94025'),
(7, '94105'),
(7, '95008'),
(7, '95054'),
(7, '95060'),
(8, '19428'),
(8, '44122'),
(8, '45839'),
(8, '53404'),
(9, '03049'),
(9, '03801'),
(9, '48075'),
(9, '48084'),
(9, '48304'),
(9, '55113'),
(9, '55439');

CREATE TABLE suppliers (
    supplier_id INTEGER PRIMARY KEY,
    company_name VARCHAR(100),
    contact_name VARCHAR(100),
    contact_title VARCHAR(100),
    address VARCHAR(100),
    city VARCHAR(100),
    region VARCHAR(100),
    postal_code VARCHAR(20),
    country VARCHAR(100),
    phone VARCHAR(20),
    fax VARCHAR(20),
    homepage VARCHAR(255)
);

-- Insert data into the suppliers table
INSERT INTO suppliers (supplier_id, company_name, contact_name, contact_title, address, city, region, postal_code, country, phone, fax, homepage) VALUES
(1, 'Exotic Liquids', 'Charlotte Cooper', 'Purchasing Manager', '49 Gilbert St.', 'London', 'British Isles', 'EC1 4SD', 'UK', '(171) 555-2222', NULL, NULL),
(2, 'New Orleans Cajun Delights', 'Shelley Burke', 'Order Administrator', 'P.O. Box 78934', 'New Orleans', 'North America', '70117', 'USA', '(100) 555-4822', NULL, '#CAJUN.HTM#'),
(3, 'Grandma Kellys Homestead', 'Regina Murphy', 'Sales Representative', '707 Oxford Rd.', 'Ann Arbor', 'North America', '48104', 'USA', '(313) 555-5735', '(313) 555-3349', NULL),
(4, 'Tokyo Traders', 'Yoshi Nagase', 'Marketing Manager', '9-8 Sekimai Musashino-shi', 'Tokyo', 'Eastern Asia', '100', 'Japan', '(03) 3555-5011', NULL, NULL),
(5, 'Cooperativa de Quesos Las Cabras', 'Antonio del Valle Saavedra', 'Export Administrator', 'Calle del Rosal 4', 'Oviedo', 'Southern Europe', '33007', 'Spain', '(98) 598 76 54', NULL, NULL),
(6, 'Mayumis', 'Mayumi Ohno', 'Marketing Representative', '92 Setsuko Chuo-ku', 'Osaka', 'Eastern Asia', '545', 'Japan', '(06) 431-7877', NULL, 'Mayumis (on the World Wide Web)#http://www.microsoft.com/accessdev/sampleapps/mayumi.htm#'),
(7, 'Pavlova, Ltd.', 'Ian Devling', 'Marketing Manager', '74 Rose St. Moonie Ponds', 'Melbourne', 'Victoria', '3058', 'Australia', '(03) 444-2343', '(03) 444-6588', NULL),
(8, 'Specialty Biscuits, Ltd.', 'Peter Wilson', 'Sales Representative', '29 Kings Way', 'Manchester', 'British Isles', 'M14 GSD', 'UK', '(161) 555-4448', NULL, NULL),
(9, 'PB Knäckebröd AB', 'Lars Peterson', 'Sales Agent', 'Kaloadagatan 13', 'Göteborg', NULL, 'S-345 67', 'Sweden', '031-987 65 43', '031-987 65 91', NULL),
(10, 'Refrescos Americanas LTDA', 'Carlos Diaz', 'Marketing Manager', 'Av. das Americanas 12.890', 'São Paulo', 'South America', '5442', 'Brazil', '(11) 555 4640', NULL, NULL),
(11, 'Heli Süßwaren GmbH & Co. KG', 'Petra Winkler', 'Sales Manager', 'Tiergartenstraße 5', 'Berlin', 'Western Europe', '10785', 'Germany', '(010) 9984510', NULL, NULL),
(12, 'Plutzer Lebensmittelgroßmärkte AG', 'Martin Bein', 'International Marketing Mgr.', 'Bogenallee 51', 'Frankfurt', 'Western Europe', '60439', 'Germany', '(069) 992755', NULL, 'Plutzer (on the World Wide Web)#http://www.microsoft.com/accessdev/sampleapps/plutzer.htm#'),
(13, 'Nord-Ost-Fisch Handelsgesellschaft mbH', 'Sven Petersen', 'Coordinator Foreign Markets', 'Frahmredder 112a', 'Cuxhaven', 'Western Europe', '27478', 'Germany', '(04721) 8713', '(04721) 8714', NULL),
(14, 'Formaggi Fortini s.r.l.', 'Elio Rossi', 'Sales Representative', 'Viale Dante, 75', 'Ravenna', 'Southern Europe', '48100', 'Italy', '(0544) 60323', '(0544) 60603', '#FORMAGGI.HTM#'),
(15, 'Norske Meierier', 'Beate Vileid', 'Marketing Manager', 'Hatlevegen 5', 'Sandvika', 'Scandinavia', '1320', 'Norway', '(0)2-953010', NULL, NULL),
(16, 'Bigfoot Breweries', 'Cheryl Saylor', 'Regional Account Rep.', '3400 - 8th Avenue Suite 210', 'Bend', 'North America', '97101', 'USA', '(503) 555-9931', NULL, NULL),
(17, 'Svensk Sjöföda AB', 'Michael Björn', 'Sales Representative', 'Brovallavägen 231', 'Stockholm', 'Northern Europe', 'S-123 45', 'Sweden', '08-123 45 67', NULL, NULL),
(18, 'Aux joyeux ecclésiastiques', 'Guylène Nodier', 'Sales Manager', '203, Rue des Francs-Bourgeois', 'Paris', 'Western Europe', '75004', 'France', '(1) 03.83.00.68', '(1) 03.83.00.62', NULL),
(19, 'New England Seafood Cannery', 'Robb Merchant', 'Wholesale Account Agent', 'Order Processing Dept. 2100 Paul Revere Blvd.', 'Boston', 'North America', '02134', 'USA', '(617) 555-3267', '(617) 555-3389', NULL),
(20, 'Leka Trading', 'Chandra Leka', 'Owner', '471 Serangoon Loop, Suite #402', 'Singapore', 'South-East Asia', '0512', 'Singapore', '555-8787', NULL, NULL),
(21, 'Lyngbysild', 'Niels Petersen', 'Sales Manager', 'Lyngbysild Fiskebakken 10', 'Lyngby', 'Northern Europe', '2800', 'Denmark', '43844108', '43844115', NULL),
(22, 'Zaanse Snoepfabriek', 'Dirk Luchte', 'Accounting Manager', 'Verkoop Rijnweg 22', 'Zaandam', 'Northern Europe', '9999 ZZ', 'Netherlands', '(12345) 1212', '(12345) 1210', NULL),
(23, 'Karkki Oy', 'Anne Heikkonen', 'Product Manager', 'Valtakatu 12', 'Lappeenranta', 'Scandinavia', '53120', 'Finland', '(953) 10956', NULL, NULL),
(24, 'Gday, Mate', 'Wendy Mackenzie', 'Sales Representative', '170 Prince Edward Parade Hunters Hill', 'Sydney', 'NSW', '2042', 'Australia', '(02) 555-5914', '(02) 555-4873', 'Gday Mate (on the World Wide Web)#http://www.microsoft.com/accessdev/sampleapps/gdaymate.htm#'),
(25, 'Ma Maison', 'Jean-Guy Lauzon', 'Marketing Manager', '2960 Rue St. Laurent', 'Montréal', 'North America', 'H1J 1C3', 'Canada', '(514) 555-9022', NULL, NULL),
(26, 'Pasta Buttini s.r.l.', 'Giovanni Giudici', 'Order Administrator', 'Via dei Gelsomini, 153', 'Salerno', 'Southern Europe', '84100', 'Italy', '(089) 6547665', '(089) 6547667', NULL),
(27, 'Escargots Nouveaux', 'Marie Delamare', 'Sales Manager', '22, rue H. Voiron', 'Montceau', 'Western Europe', '71300', 'France', '85.57.00.07', NULL, NULL),
(28, 'Gai pâturage', 'Eliane Noz', 'Sales Representative', 'Bat. B 3, rue des Alpes', 'Annecy', 'Western Europe', '74000', 'France', '38.76.98.06', '38.76.98.58', NULL),
(29, 'Forêts dérables', 'Chantal Goulet', 'Accounting Manager', '148 rue Chasseur', 'Ste-Hyacinthe', 'North America', 'J2S 7S8', 'Canada', '(514) 555-2955', '(514) 555-2921', NULL);

-- Create table
CREATE TABLE shippers (
    shipper_id INTEGER PRIMARY KEY,
    company_name VARCHAR(255),
    phone VARCHAR(20)
);

-- Insert data
INSERT INTO shippers (shipper_id, company_name, phone)
VALUES 
    (1, 'Speedy Express', '(503) 555-9831'),
    (2, 'United Package', '(503) 555-3199'),
    (3, 'Federal Shipping', '(503) 555-9931');

CREATE TABLE products 
(
    product_id SERIAL PRIMARY KEY,
    product_name VARCHAR(255) NOT NULL,
    supplier_id INTEGER REFERENCES suppliers(supplier_id),
    category_id INTEGER REFERENCES categories(category_id),
    quantity_per_unit VARCHAR(50),
    unit_price NUMERIC(10, 2) NOT NULL,
    units_in_stock SMALLINT,
    units_on_order SMALLINT,
    reorder_level SMALLINT,
    discontinued SMALLINT NOT NULL
);

-- Insert data
INSERT INTO products (product_id, product_name, supplier_id, category_id, quantity_per_unit, unit_price, units_in_stock, units_on_order, reorder_level, discontinued)
VALUES 
    (1, 'Chai', 1, 1, '10 boxes x 20 bags', 18.00, 39, 0, 10, 0),
    (2, 'Chang', 1, 1, '24 - 12 oz bottles', 19.00, 17, 40, 25, 0),
    (3, 'Aniseed Syrup', 1, 2, '12 - 550 ml bottles', 10.00, 13, 70, 25, 0),
    (4, 'Chef Antons Cajun Seasoning', 2, 2, '48 - 6 oz jars', 22.00, 53, 0, 0, 0),
    (5, 'Chef Antons Gumbo Mix', 2, 2, '36 boxes', 21.35, 0, 0, 0, 1),
    (6, 'Grandmas Boysenberry Spread', 3, 2, '12 - 8 oz jars', 25.00, 120, 0, 25, 0),
    (7, 'Uncle Bobs Organic Dried Pears', 3, 7, '12 - 1 lb pkgs.', 30.00, 15, 0, 10, 0),
    (8, 'Northwoods Cranberry Sauce', 3, 2, '12 - 12 oz jars', 40.00, 6, 0, 0, 0),
    (9, 'Mishi Kobe Niku', 4, 6, '18 - 500 g pkgs.', 97.00, 29, 0, 0, 1),
    (10, 'Ikura', 4, 8, '12 - 200 ml jars', 31.00, 31, 0, 0, 0),
    (11, 'Queso Cabrales', 5, 4, '1 kg pkg.', 21.00, 22, 30, 30, 0),
    (12, 'Queso Manchego La Pastora', 5, 4, '10 - 500 g pkgs.', 38.00, 86, 0, 0, 0),
    (13, 'Konbu', 6, 8, '2 kg box', 6.00, 24, 0, 5, 0),
    (14, 'Tofu', 6, 7, '40 - 100 g pkgs.', 23.25, 35, 0, 0, 0),
    (15, 'Genen Shouyu', 6, 2, '24 - 250 ml bottles', 15.50, 39, 0, 5, 0),
    (16, 'Pavlova', 7, 3, '32 - 500 g boxes', 17.45, 29, 0, 10, 0),
    (17, 'Alice Mutton', 7, 6, '20 - 1 kg tins', 39.00, 0, 0, 0, 1),
    (18, 'Carnarvon Tigers', 7, 8, '16 kg pkg.', 62.50, 42, 0, 0, 0),
    (19, 'Teatime Chocolate Biscuits', 8, 3, '10 boxes x 12 pieces', 9.20, 25, 0, 5, 0),
    (20, 'Sir Rodneys Marmalade', 8, 3, '30 gift boxes', 81.00, 40, 0, 0, 0),
    (21, 'Sir Rodneys Scones', 8, 3, '24 pkgs. x 4 pieces', 10.00, 3, 40, 5, 0),
    (22, 'Gustafs Knäckebröd', 9, 5, '24 - 500 g pkgs.', 21.00, 104, 0, 25, 0),
    (23, 'Tunnbröd', 9, 5, '12 - 250 g pkgs.', 9.00, 61, 0, 25, 0),
    (24, 'Guaraná Fantástica', 10, 1, '12 - 355 ml cans', 4.50, 20, 0, 0, 1),
    (25, 'NuNuCa Nuß-Nougat-Creme', 11, 3, '20 - 450 g glasses', 14.00, 76, 0, 30, 0),
    (26, 'Gumbär Gummibärchen', 11, 3, '100 - 250 g bags', 31.23, 15, 0, 0, 0),
    (27, 'Schoggi Schokolade', 11, 3, '100 - 100 g pieces', 43.90, 49, 0, 30, 0),
    (28, 'Rössle Sauerkraut', 12, 7, '25 - 825 g cans', 45.60, 26, 0, 0, 1),
    (29, 'Thüringer Rostbratwurst', 12, 6, '50 bags x 30 sausgs.', 123.79, 0, 0, 0, 1),
    (30, 'Nord-Ost Matjeshering', 13, 8, '10 - 200 g glasses', 25.89, 10, 0, 15, 0),
    (31, 'Gorgonzola Telino', 14, 4, '12 - 100 g pkgs', 12.50, 0, 70, 20, 0),
    (32, 'Mascarpone Fabioli', 14, 4, '24 - 200 g pkgs.', 32.00, 9, 40, 25, 0),
    (33, 'Geitost', 15, 4, '500 g', 2.50, 112, 0, 20, 0),
    (34, 'Sasquatch Ale', 16, 1, '24 - 12 oz bottles', 14.00, 111, 0, 15, 0),
    (35, 'Steeleye Stout', 16, 1, '24 - 12 oz bottles', 18.00, 20, 0, 15, 0),
    (36, 'Inlagd Sill', 17, 8, '24 - 250 g jars', 19.00, 112, 0, 20, 0),
    (37, 'Gravad lax', 17, 8, '12 - 500 g pkgs.', 26.00, 11, 50, 25, 0),
    (38, 'Côte de Blaye', 18, 1, '12 - 75 cl bottles', 263.50, 17, 0, 15, 0),
    (39, 'Chartreuse verte', 18, 1, '750 cc per bottle', 18.00, 69, 0, 5, 0),
    (40, 'Boston Crab Meat', 19, 8, '24 - 4 oz tins', 18.40, 123, 0, 30, 0),
    (41, 'Jacks New England Clam Chowder', 19, 8, '12 - 12 oz cans', 9.65, 85, 0, 10, 0),
    (42, 'Singaporean Hokkien Fried Mee', 20, 5, '32 - 1 kg pkgs.', 14.00, 26, 0, 0, 1),
    (43, 'Ipoh Coffee', 20, 1, '16 - 500 g tins', 46.00, 17, 10, 25, 0),
    (44, 'Gula Malacca', 20, 2, '20 - 2 kg bags', 19.45, 27, 0, 15, 0),
    (45, 'Rogede sild', 21, 8, '1k pkg.', 9.50, 5, 70, 15, 0),
    (46, 'Spegesild', 21, 8, '4 - 450 g glasses', 12.00, 95, 0, 0, 0),
    (47, 'Zaanse koeken', 22, 3, '10 - 4 oz boxes', 9.50, 36, 0, 0, 0),
    (48, 'Chocolade', 22, 3, '10 pkgs.', 12.75, 15, 70, 25, 0),
    (49, 'Maxilaku', 23, 3, '24 - 50 g pkgs.', 20.00, 10, 60, 15, 0),
    (50, 'Valkoinen suklaa', 23, 3, '12 - 100 g bars', 16.25, 65, 0, 30, 0),
    (51, 'Manjimup Dried Apples', 24, 7, '50 - 300 g pkgs.', 53.00, 20, 0, 10, 0),
    (52, 'Filo Mix', 24, 5, '16 - 2 kg boxes', 7.00, 38, 0, 25, 0),
    (53, 'Perth Pasties', 24, 6, '48 pieces', 32.80, 0, 0, 0, 1),
    (54, 'Tourtière', 25, 6, '16 pies', 7.45, 21, 0, 10, 0),
    (55, 'Pâté chinois', 25, 6, '24 boxes x 2 pies', 24.00, 115, 0, 20, 0),
    (56, 'Gnocchi di nonna Alice', 26, 5, '24 - 250 g pkgs.', 38.00, 21, 10, 30, 0),
    (57, 'Ravioli Angelo', 26, 5, '24 - 250 g pkgs.', 19.50, 36, 0, 20, 0),
    (58, 'Escargots de Bourgogne', 27, 8, '24 pieces', 13.25, 62, 0, 20, 0),
    (59, 'Raclette Courdavault', 28, 4, '5 kg pkg.', 55.00, 79, 0, 0, 0),
    (60, 'Camembert Pierrot', 28, 4, '15 - 300 g rounds', 34.00, 19, 0, 0, 0),
    (61, 'Sirop dérable', 29, 2, '24 - 500 ml bottles', 28.50, 113, 0, 25, 0),
    (62, 'Tarte au sucre', 29, 3, '48 pies', 49.30, 17, 0, 0, 0),
    (63, 'Vegie-spread', 7, 2, '15 - 625 g jars', 43.90, 24, 0, 5, 0),
    (64, 'Wimmers gute Semmelknödel', 12, 5, '20 bags x 4 pieces', 33.25, 22, 80, 30, 0),
    (65, 'Louisiana Fiery Hot Pepper Sauce', 2, 2, '32 - 8 oz bottles', 21.05, 76, 0, 0, 0),
    (66, 'Louisiana Hot Spiced Okra', 2, 2, '24 - 8 oz jars', 17.00, 4, 100, 20, 0),
    (67, 'Laughing Lumberjack Lager', 16, 1, '24 - 12 oz bottles', 14.00, 52, 0, 10, 0),
    (68, 'Scottish Longbreads', 8, 3, '10 boxes x 8 pieces', 12.50, 6, 10, 15, 0),
    (69, 'Gudbrandsdalsost', 15, 4, '10 kg pkg.', 36.00, 26, 0, 15, 0),
    (70, 'Outback Lager', 7, 1, '24 - 355 ml bottles', 15.00, 15, 10, 30, 0),
    (71, 'Flotemysost', 15, 4, '10 - 500 g pkgs.', 21.50, 26, 0, 0, 0),
    (72, 'Mozzarella di Giovanni', 14, 4, '24 - 200 g pkgs.', 34.80, 14, 0, 0, 0),
    (73, 'Röd Kaviar', 17, 8, '24 - 150 g jars', 15.00, 101, 0, 5, 0),
    (74, 'Longlife Tofu', 4, 7, '5 kg pkg.', 10.00, 4, 20, 5, 0),
    (75, 'Rhönbräu Klosterbier', 12, 1, '24 - 0.5 l bottles', 7.75, 125, 0, 25, 0),
    (76, 'Lakkalikööri', 23, 1, '500 ml', 18.00, 57, 0, 20, 0),
    (77, 'Original Frankfurter grüne Soße', 12, 2, '12 boxes', 13.00, 32, 0, 15, 0);

CREATE TABLE orders (
    order_id SERIAL PRIMARY KEY,
    customer_id VARCHAR(10) REFERENCES customers(customer_id),
    employee_id INTEGER REFERENCES employees(employee_id),
    order_date DATE,
    required_date DATE,
    shipped_date DATE,
    ship_via INTEGER REFERENCES shippers(shipper_id),
    freight NUMERIC(10, 2),
    ship_name VARCHAR(255),
    ship_address VARCHAR(255),
    ship_city VARCHAR(255),
    ship_region VARCHAR(255),
    ship_postal_code VARCHAR(20),
    ship_country VARCHAR(255)
);

-- Insert data into the orders table
INSERT INTO orders (order_id, customer_id, employee_id, order_date, required_date, shipped_date, ship_via, freight, ship_name, ship_address, ship_city, ship_region, ship_postal_code, ship_country)
VALUES
    (10248, 'VINET', 5, '2016-07-04', '2016-08-01', '2016-07-16', 3, 32.38, 'Vins et alcools Chevalier', '59 rue de l-Abbaye', 'Reims', 'Western Europe', '51100', 'France'),
    (10249, 'TOMSP', 6, '2016-07-05', '2016-08-16', '2016-07-10', 1, 11.61, 'Toms Spezialitäten', 'Luisenstr. 48', 'Münster', 'Western Europe', '44087', 'Germany'),
    (10250, 'HANAR', 4, '2016-07-08', '2016-08-05', '2016-07-12', 2, 65.83, 'Hanari Carnes', 'Rua do Paço, 67', 'Rio de Janeiro', 'South America', '05454-876', 'Brazil'),
    (10251, 'VICTE', 3, '2016-07-08', '2016-08-05', '2016-07-15', 1, 41.34, 'Victuailles en stock', '2, rue du Commerce', 'Lyon', 'Western Europe', '69004', 'France'),
    (10252, 'SUPRD', 4, '2016-07-09', '2016-08-06', '2016-07-11', 2, 51.3, 'Suprêmes délices', 'Boulevard Tirou, 255', 'Charleroi', 'Western Europe', 'B-6000', 'Belgium'),
    (10253, 'HANAR', 3, '2016-07-10', '2016-07-24', '2016-07-16', 2, 58.17, 'Hanari Carnes', 'Rua do Paço, 67', 'Rio de Janeiro', 'South America', '05454-876', 'Brazil'),
    (10254, 'CHOPS', 5, '2016-07-11', '2016-08-08', '2016-07-23', 2, 22.98, 'Chop-suey Chinese', 'Hauptstr. 31', 'Bern', 'Western Europe', '3012', 'Switzerland'),
    (10255, 'RICSU', 9, '2016-07-12', '2016-08-09', '2016-07-15', 3, 148.33, 'Richter Supermarkt', 'Starenweg 5', 'Genève', 'Western Europe', '1204', 'Switzerland'),
    (10256, 'WELLI', 3, '2016-07-15', '2016-08-12', '2016-07-17', 2, 13.97, 'Wellington Importadora', 'Rua do Mercado, 12', 'Resende', 'South America', '08737-363', 'Brazil'),
    (10257, 'HILAA', 4, '2016-07-16', '2016-08-13', '2016-07-22', 3, 81.91, 'HILARION-Abastos', 'Carrera 22 con Ave. Carlos Soublette #8-35', 'San Cristóbal', 'South America', '5022', 'Venezuela'),
    (10258, 'ERNSH', 1, '2016-07-17', '2016-08-14', '2016-07-23', 1, 140.51, 'Ernst Handel', 'Kirchgasse 6', 'Graz', 'Western Europe', '8010', 'Austria'),
    (10259, 'CENTC', 4, '2016-07-18', '2016-08-15', '2016-07-25', 3, 3.25, 'Centro comercial Moctezuma', 'Sierras de Granada 9993', 'México D.F.', 'Central America', '05022', 'Mexico'),
    (10260, 'OTTIK', 4, '2016-07-19', '2016-08-16', '2016-07-29', 1, 55.09, 'Ottilies Käseladen', 'Mehrheimerstr. 369', 'Köln', 'Western Europe', '50739', 'Germany'),
    (10261, 'QUEDE', 4, '2016-07-19', '2016-08-16', '2016-07-30', 2, 3.05, 'Que Delícia', 'Rua da Panificadora, 12', 'Rio de Janeiro', 'South America', '02389-673', 'Brazil'),
    (10262, 'RATTC', 8, '2016-07-22', '2016-08-19', '2016-07-25', 3, 48.29, 'Rattlesnake Canyon Grocery', '2817 Milton Dr.', 'Albuquerque', 'North America', '87110', 'USA'),
    (10263, 'ERNSH', 9, '2016-07-23', '2016-08-20', '2016-07-31', 3, 146.06, 'Ernst Handel', 'Kirchgasse 6', 'Graz', 'Western Europe', '8010', 'Austria'),
    (10264, 'FOLKO', 6, '2016-07-24', '2016-08-21', '2016-08-23', 3, 3.67, 'Folk och fä HB', 'Åkergatan 24', 'Bräcke', 'Northern Europe', 'S-844 67', 'Sweden'),
    (10265, 'BLONP', 2, '2016-07-25', '2016-08-22', '2016-08-12', 1, 55.28, 'Blondel père et fils', '24, place Kléber', 'Strasbourg', 'Western Europe', '67000', 'France'),
    (10266, 'WARTH', 3, '2016-07-26', '2016-09-06', '2016-07-31', 3, 25.73, 'Wartian Herkku', 'Torikatu 38', 'Oulu', 'Northern Europe', '90110', 'Finland'),
    (10267, 'FRANK', 4, '2016-07-29', '2016-08-26', '2016-08-06', 1, 208.58, 'Frankenversand', 'Berliner Platz 43', 'München', 'Western Europe', '80805', 'Germany'),
    (10268, 'GROSR', 8, '2016-07-30', '2016-08-27', '2016-08-02', 3, 66.29, 'GROSELLA-Restaurante', '5ª Ave. Los Palos Grandes', 'Caracas', 'South America', '1081', 'Venezuela'),
    (10269, 'WHITC', 5, '2016-07-31', '2016-08-14', '2016-08-09', 1, 4.56, 'White Clover Markets', '1029 - 12th Ave. S.', 'Seattle', 'North America', '98124', 'USA'),
    (10270, 'WARTH', 1, '2016-08-01', '2016-08-29', '2016-08-02', 1, 136.54, 'Wartian Herkku', 'Torikatu 38', 'Oulu', 'Northern Europe', '90110', 'Finland'),
    (10271, 'SPLIR', 6, '2016-08-01', '2016-08-29', '2016-08-30', 2, 4.54, 'Split Rail Beer & Ale', 'P.O. Box 555', 'Lander', 'North America', '82520', 'USA'),
    (10272, 'RATTC', 6, '2016-08-02', '2016-08-30', '2016-08-06', 2, 98.03, 'Rattlesnake Canyon Grocery', '2817 Milton Dr.', 'Albuquerque', 'North America', '87110', 'USA'),
    (10273, 'QUICK', 3, '2016-08-05', '2016-09-02', '2016-08-12', 3, 76.07, 'QUICK-Stop', 'Taucherstraße 10', 'Cunewalde', 'Western Europe', '01307', 'Germany'),
    (10274, 'VINET', 6, '2016-08-06', '2016-09-03', '2016-08-16', 1, 6.01, 'Vins et alcools Chevalier', '59 rue de l-Abbaye', 'Reims', 'Western Europe', '51100', 'France'),
    (10275, 'MAGAA', 1, '2016-08-07', '2016-09-04', '2016-08-09', 1, 26.93, 'Magazzini Alimentari Riuniti', 'Via Ludovico il Moro 22', 'Bergamo', 'Southern Europe', '24100', 'Italy'),
    (10276, 'TORTU', 8, '2016-08-08', '2016-08-22', '2016-08-14', 3, 13.84, 'Tortuga Restaurante', 'Avda. Azteca 123', 'México D.F.', 'Central America', '05033', 'Mexico'),
    (10277, 'MORGK', 2, '2016-08-09', '2016-09-06', '2016-08-13', 3, 125.77, 'Morgenstern Gesundkost', 'Heerstr. 22', 'Leipzig', 'Western Europe', '04179', 'Germany'),
    (10278, 'BERGS', 8, '2016-08-12', '2016-09-09', '2016-08-16', 2, 92.69, 'Berglunds snabbköp', 'Berguvsvägen 8', 'Luleå', 'Northern Europe', 'S-958 22', 'Sweden'),
    (10279, 'LEHMS', 8, '2016-08-13', '2016-09-10', '2016-08-16', 2, 25.83, 'Lehmanns Marktstand', 'Magazinweg 7', 'Frankfurt a.M.', 'Western Europe', '60528', 'Germany'),
    (10280, 'BERGS', 2, '2016-08-14', '2016-09-11', '2016-09-12', 1, 8.98, 'Berglunds snabbköp', 'Berguvsvägen 8', 'Luleå', 'Northern Europe', 'S-958 22', 'Sweden'),
    (10281, 'ROMEY', 4, '2016-08-14', '2016-08-28', '2016-08-21', 1, 2.94, 'Romero y tomillo', 'Gran Vía, 1', 'Madrid', 'Southern Europe', '28001', 'Spain'),
    (10282, 'ROMEY', 4, '2016-08-15', '2016-09-12', '2016-08-21', 1, 12.69, 'Romero y tomillo', 'Gran Vía, 1', 'Madrid', 'Southern Europe', '28001', 'Spain'),
    (10283, 'LILAS', 3, '2016-08-16', '2016-09-13', '2016-08-23', 3, 84.81, 'LILA-Supermercado', 'Carrera 52 con Ave. Bolívar #65-98 Llano Largo', 'Barquisimeto', 'South America', '3508', 'Venezuela'),
    (10284, 'LEHMS', 4, '2016-08-19', '2016-09-16', '2016-08-27', 1, 76.56, 'Lehmanns Marktstand', 'Magazinweg 7', 'Frankfurt a.M.', 'Western Europe', '60528', 'Germany'),
    (10285, 'QUICK', 1, '2016-08-20', '2016-09-17', '2016-08-26', 2, 76.83, 'QUICK-Stop', 'Taucherstraße 10', 'Cunewalde', 'Western Europe', '1307', 'Germany'),
    (10286, 'QUICK', 8, '2016-08-21', '2016-09-18', '2016-08-30', 3, 229.24, 'QUICK-Stop', 'Taucherstraße 10', 'Cunewalde', 'Western Europe', '1307', 'Germany'),
    (10287, 'RICAR', 8, '2016-08-22', '2016-09-19', '2016-08-28', 3, 12.76, 'Ricardo Adocicados', 'Av. Copacabana, 267', 'Rio de Janeiro', 'South America', '02389-890', 'Brazil'),
    (10288, 'REGGC', 4, '2016-08-23', '2016-09-20', '2016-09-03', 1, 7.45, 'Reggiani Caseifici', 'Strada Provinciale 124', 'Reggio Emilia', 'Southern Europe', '42100', 'Italy'),
    (10289, 'BSBEV', 7, '2016-08-26', '2016-09-23', '2016-08-28', 3, 22.77, 'B-s Beverages', 'Fauntleroy Circus', 'London', 'British Isles', 'EC2 5NT', 'UK'),
    (10290, 'COMMI', 8, '2016-08-27', '2016-09-24', '2016-09-03', 1, 79.7, 'Comércio Mineiro', 'Av. dos Lusíadas, 23', 'Sao Paulo', 'South America', '05432-043', 'Brazil'),
    (10291, 'QUEDE', 6, '2016-08-27', '2016-09-24', '2016-09-04', 2, 6.4, 'Que Delícia', 'Rua da Panificadora, 12', 'Rio de Janeiro', 'South America', '02389-673', 'Brazil'),
    (10292, 'TRADH', 1, '2016-08-28', '2016-09-25', '2016-09-02', 2, 1.35, 'Tradiçao Hipermercados', 'Av. Inês de Castro, 414', 'Sao Paulo', 'South America', '05634-030', 'Brazil'),
    (10293, 'TORTU', 1, '2016-08-29', '2016-09-26', '2016-09-11', 3, 21.18, 'Tortuga Restaurante', 'Avda. Azteca 123', 'México D.F.', 'Central America', '5033', 'Mexico'),
    (10294, 'RATTC', 4, '2016-08-30', '2016-09-27', '2016-09-05', 2, 147.26, 'Rattlesnake Canyon Grocery', '2817 Milton Dr.', 'Albuquerque', 'North America', '87110', 'USA'),
    (10295, 'VINET', 2, '2016-09-02', '2016-09-30', '2016-09-10', 2, 1.15, 'Vins et alcools Chevalier', '59 rue de l-Abbaye', 'Reims', 'Western Europe', '51100', 'France'),
    (10296, 'LILAS', 6, '2016-09-03', '2016-10-01', '2016-09-11', 1, 0.12, 'LILA-Supermercado', 'Carrera 52 con Ave. Bolívar #65-98 Llano Largo', 'Barquisimeto', 'South America', '3508', 'Venezuela'),
    (10297, 'BLONP', 5, '2016-09-04', '2016-10-16', '2016-09-10', 2, 5.74, 'Blondel père et fils', '24, place Kléber', 'Strasbourg', 'Western Europe', '67000', 'France'),
    (10298, 'HUNGO', 6, '2016-09-05', '2016-10-03', '2016-09-11', 2, 168.22, 'Hungry Owl All-Night Grocers', '8 Johnstown Road', 'Cork', 'British Isles', NULL, 'Ireland'),
    (10299, 'RICAR', 4, '2016-09-06', '2016-10-04', '2016-09-13', 2, 29.76, 'Ricardo Adocicados', 'Av. Copacabana, 267', 'Rio de Janeiro', 'South America', '02389-890', 'Brazil'),
    (10300, 'MAGAA', 2, '2016-09-09', '2016-10-07', '2016-09-18', 2, 17.68, 'Magazzini Alimentari Riuniti', 'Via Ludovico il Moro 22', 'Bergamo', 'Southern Europe', '24100', 'Italy'),
    (10301, 'WANDK', 8, '2016-09-09', '2016-10-07', '2016-09-17', 2, 45.08, 'Die Wandernde Kuh', 'Adenauerallee 900', 'Stuttgart', 'Western Europe', '70563', 'Germany'),
    (10302, 'SUPRD', 4, '2016-09-10', '2016-10-08', '2016-10-09', 2, 6.27, 'Suprêmes délices', 'Boulevard Tirou, 255', 'Charleroi', 'Western Europe', 'B-6000', 'Belgium'),
    (10303, 'GODOS', 7, '2016-09-11', '2016-10-09', '2016-09-18', 2, 107.83, 'Godos Cocina Típica', 'C/ Romero, 33', 'Sevilla', 'Southern Europe', '41101', 'Spain'),
    (10304, 'TORTU', 1, '2016-09-12', '2016-10-10', '2016-09-17', 2, 63.79, 'Tortuga Restaurante', 'Avda. Azteca 123', 'México D.F.', 'Central America', '5033', 'Mexico'),
    (10305, 'OLDWO', 8, '2016-09-13', '2016-10-11', '2016-10-09', 3, 257.62, 'Old World Delicatessen', '2743 Bering St.', 'Anchorage', 'North America', '99508', 'USA'),
    (10306, 'ROMEY', 1, '2016-09-16', '2016-10-14', '2016-09-23', 3, 7.56, 'Romero y tomillo', 'Gran Vía, 1', 'Madrid', 'Southern Europe', '28001', 'Spain'),
    (10307, 'LONEP', 2, '2016-09-17', '2016-10-15', '2016-09-25', 2, 0.56, 'Lonesome Pine Restaurant', '89 Chiaroscuro Rd.', 'Portland', 'North America', '97219', 'USA'),
    (10308, 'ANATR', 7, '2016-09-18', '2016-10-16', '2016-09-24', 3, 1.61, 'Ana Trujillo Emparedados y helados', 'Avda. de la Constitución 2222', 'México D.F.', 'Central America', '5021', 'Mexico'),
    (10309, 'HUNGO', 3, '2016-09-19', '2016-10-17', '2016-10-23', 1, 47.3, 'Hungry Owl All-Night Grocers', '8 Johnstown Road', 'Cork', 'British Isles', NULL, 'Ireland'),
    (10310, 'THEBI', 8, '2016-09-20', '2016-10-18', '2016-09-27', 2, 17.52, 'The Big Cheese', '89 Jefferson Way Suite 2', 'Portland', 'North America', '97201', 'USA'),
    (10311, 'DUMON', 1, '2016-09-20', '2016-10-04', '2016-09-26', 3, 24.69, 'Du monde entier', '67, rue des Cinquante Otages', 'Nantes', 'Western Europe', '44000', 'France'),
    (10312, 'WANDK', 2, '2016-09-23', '2016-10-21', '2016-10-03', 2, 40.26, 'Die Wandernde Kuh', 'Adenauerallee 900', 'Stuttgart', 'Western Europe', '70563', 'Germany'),
    (10313, 'QUICK', 2, '2016-09-24', '2016-10-22', '2016-10-04', 2, 1.96, 'QUICK-Stop', 'Taucherstraße 10', 'Cunewalde', 'Western Europe', '1307', 'Germany'),
    (10314, 'RATTC', 1, '2016-09-25', '2016-10-23', '2016-10-04', 2, 74.16, 'Rattlesnake Canyon Grocery', '2817 Milton Dr.', 'Albuquerque', 'North America', '87110', 'USA'),
    (10315, 'ISLAT', 4, '2016-09-26', '2016-10-24', '2016-10-03', 2, 41.76, 'Island Trading', 'Garden House Crowther Way', 'Cowes', 'British Isles', 'PO31 7PJ', 'UK'),
    (10316, 'RATTC', 1, '2016-09-27', '2016-10-25', '2016-10-08', 3, 150.15, 'Rattlesnake Canyon Grocery', '2817 Milton Dr.', 'Albuquerque', 'North America', '87110', 'USA'),
    (10317, 'LONEP', 6, '2016-09-30', '2016-10-28', '2016-10-10', 1, 12.69, 'Lonesome Pine Restaurant', '89 Chiaroscuro Rd.', 'Portland', 'North America', '97219', 'USA'),
    (10318, 'ISLAT', 8, '2016-10-01', '2016-10-29', '2016-10-04', 2, 4.73, 'Island Trading', 'Garden House Crowther Way', 'Cowes', 'British Isles', 'PO31 7PJ', 'UK'),
    (10319, 'TORTU', 7, '2016-10-02', '2016-10-30', '2016-10-11', 3, 64.5, 'Tortuga Restaurante', 'Avda. Azteca 123', 'México D.F.', 'Central America', '5033', 'Mexico'),
    (10320, 'WARTH', 5, '2016-10-03', '2016-10-17', '2016-10-18', 3, 34.57, 'Wartian Herkku', 'Torikatu 38', 'Oulu', 'Scandinavia', '90110', 'Finland'),
    (10321, 'ISLAT', 3, '2016-10-03', '2016-10-31', '2016-10-11', 2, 3.43, 'Island Trading', 'Garden House Crowther Way', 'Cowes', 'British Isles', 'PO31 7PJ', 'UK'),
    (10322, 'PERIC', 7, '2016-10-04', '2016-11-01', '2016-10-23', 3, 0.4, 'Pericles Comidas clásicas', 'Calle Dr. Jorge Cash 321', 'México D.F.', 'Central America', '5033', 'Mexico'),
    (10323, 'KOENE', 4, '2016-10-07', '2016-11-04', '2016-10-14', 1, 4.88, 'Königlich Essen', 'Maubelstr. 90', 'Brandenburg', 'Western Europe', '14776', 'Germany'),
    (10324, 'SAVEA', 9, '2016-10-08', '2016-11-05', '2016-10-10', 1, 214.27, 'Save-a-lot Markets', '187 Suffolk Ln.', 'Boise', 'North America', '83720', 'USA'),
    (10325, 'KOENE', 1, '2016-10-09', '2016-10-23', '2016-10-14', 3, 64.86, 'Königlich Essen', 'Maubelstr. 90', 'Brandenburg', 'Western Europe', '14776', 'Germany'),
    (10326, 'BOLID', 4, '2016-10-10', '2016-11-07', '2016-10-14', 2, 77.92, 'Bólido Comidas preparadas', 'C/ Araquil, 67', 'Madrid', 'Southern Europe', '28023', 'Spain'),
    (10327, 'FOLKO', 2, '2016-10-11', '2016-11-08', '2016-10-14', 1, 63.36, 'Folk och fä HB', 'Åkergatan 24', 'Bräcke', 'Northern Europe', 'S-844 67', 'Sweden'),
    (10328, 'FURIB', 4, '2016-10-14', '2016-11-11', '2016-10-17', 3, 87.03, 'Furia Bacalhau e Frutos do Mar', 'Jardim das rosas n. 32', 'Lisboa', 'Southern Europe', '1675', 'Portugal'),
    (10329, 'SPLIR', 4, '2016-10-15', '2016-11-26', '2016-10-23', 2, 191.67, 'Split Rail Beer & Ale', 'P.O. Box 555', 'Lander', 'North America', '82520', 'USA'),
    (10330, 'LILAS', 3, '2016-10-16', '2016-11-13', '2016-10-28', 1, 12.75, 'LILA-Supermercado', 'Carrera 52 con Ave. Bolívar #65-98 Llano Largo', 'Barquisimeto', 'South America', '3508', 'Venezuela'),
    (10331, 'BONAP', 9, '2016-10-16', '2016-11-27', '2016-10-21', 1, 10.19, 'Bon app-', '12, rue des Bouchers', 'Marseille', 'Western Europe', '13008', 'France'),
    (10332, 'MEREP', 3, '2016-10-17', '2016-11-28', '2016-10-21', 2, 52.84, 'Mère Paillarde', '43 rue St. Laurent', 'Montréal', 'North America', 'H1J 1C3', 'Canada'),
    (10333, 'WARTH', 5, '2016-10-18', '2016-11-15', '2016-10-25', 3, 0.59, 'Wartian Herkku', 'Torikatu 38', 'Oulu', 'Scandinavia', '90110', 'Finland'),
    (10334, 'VICTE', 8, '2016-10-21', '2016-11-18', '2016-10-28', 2, 8.56, 'Victuailles en stock', '2, rue du Commerce', 'Lyon', 'Western Europe', '69004', 'France'),
    (10335, 'HUNGO', 7, '2016-10-22', '2016-11-19', '2016-10-24', 2, 42.11, 'Hungry Owl All-Night Grocers', '8 Johnstown Road', 'Cork', 'British Isles', NULL, 'Ireland'),
    (10336, 'PRINI', 7, '2016-10-23', '2016-11-20', '2016-10-25', 2, 15.51, 'Princesa Isabel Vinhos', 'Estrada da saúde n. 58', 'Lisboa', 'Southern Europe', '1756', 'Portugal'),
    (10337, 'FRANK', 4, '2016-10-24', '2016-11-21', '2016-10-29', 3, 108.26, 'Frankenversand', 'Berliner Platz 43', 'München', 'Western Europe', '80805', 'Germany'),
    (10338, 'OLDWO', 4, '2016-10-25', '2016-11-22', '2016-10-29', 3, 84.21, 'Old World Delicatessen', '2743 Bering St.', 'Anchorage', 'North America', '99508', 'USA'),
    (10339, 'MEREP', 2, '2016-10-28', '2016-11-25', '2016-11-04', 2, 15.66, 'Mère Paillarde', '43 rue St. Laurent', 'Montréal', 'North America', 'H1J 1C3', 'Canada'),
    (10340, 'BONAP', 1, '2016-10-29', '2016-11-26', '2016-11-08', 3, 166.31, 'Bon app-', '12, rue des Bouchers', 'Marseille', 'Western Europe', '13008', 'France'),
    (10341, 'SIMOB', 7, '2016-10-29', '2016-11-26', '2016-11-05', 3, 26.78, 'Simons bistro', 'Vinbæltet 34', 'Kobenhavn', 'Northern Europe', '1734', 'Denmark'),
    (10342, 'FRANK', 4, '2016-10-30', '2016-11-13', '2016-11-04', 2, 54.83, 'Frankenversand', 'Berliner Platz 43', 'München', 'Western Europe', '80805', 'Germany'),
    (10343, 'LEHMS', 4, '2016-10-31', '2016-11-28', '2016-11-06', 1, 110.37, 'Lehmanns Marktstand', 'Magazinweg 7', 'Frankfurt a.M.', 'Western Europe', '60528', 'Germany'),
    (10344, 'WHITC', 4, '2016-11-01', '2016-11-29', '2016-11-05', 2, 23.29, 'White Clover Markets', '1029 - 12th Ave. S.', 'Seattle', 'North America', '98124', 'USA'),
    (10345, 'QUICK', 2, '2016-11-04', '2016-12-02', '2016-11-11', 2, 249.06, 'QUICK-Stop', 'Taucherstraße 10', 'Cunewalde', 'Western Europe', '1307', 'Germany'),
    (10346, 'RATTC', 3, '2016-11-05', '2016-12-17', '2016-11-08', 3, 142.08, 'Rattlesnake Canyon Grocery', '2817 Milton Dr.', 'Albuquerque', 'North America', '87110', 'USA'),
    (10347, 'FAMIA', 4, '2016-11-06', '2016-12-04', '2016-11-08', 3, 3.1, 'Familia Arquibaldo', 'Rua Orós, 92', 'Sao Paulo', 'South America', '05442-030', 'Brazil'),
    (10348, 'WANDK', 4, '2016-11-07', '2016-12-05', '2016-11-15', 2, 0.78, 'Die Wandernde Kuh', 'Adenauerallee 900', 'Stuttgart', 'Western Europe', '70563', 'Germany'),
    (10349, 'SPLIR', 7, '2016-11-08', '2016-12-06', '2016-11-15', 1, 8.63, 'Split Rail Beer & Ale', 'P.O. Box 555', 'Lander', 'North America', '82520', 'USA'),
    (10350, 'LAMAI', 6, '2016-11-11', '2016-12-09', '2016-12-03', 2, 64.19, 'La maison d-Asie', '1 rue Alsace-Lorraine', 'Toulouse', 'Western Europe', '31000', 'France'),
    (10351, 'ERNSH', 1, '2016-11-11', '2016-12-09', '2016-11-20', 1, 162.33, 'Ernst Handel', 'Kirchgasse 6', 'Graz', 'Western Europe', '8010', 'Austria'),
    (10352, 'FURIB', 3, '2016-11-12', '2016-11-26', '2016-11-18', 3, 1.3, 'Furia Bacalhau e Frutos do Mar', 'Jardim das rosas n. 32', 'Lisboa', 'Southern Europe', '1675', 'Portugal'),
    (10353, 'PICCO', 7, '2016-11-13', '2016-12-11', '2016-11-25', 3, 360.63, 'Piccolo und mehr', 'Geislweg 14', 'Salzburg', 'Western Europe', '5020', 'Austria'),
    (10354, 'PERIC', 8, '2016-11-14', '2016-12-12', '2016-11-20', 3, 53.8, 'Pericles Comidas clásicas', 'Calle Dr. Jorge Cash 321', 'México D.F.', 'Central America', '5033', 'Mexico'),
    (10355, 'AROUT', 6, '2016-11-15', '2016-12-13', '2016-11-20', 1, 41.95, 'Around the Horn', 'Brook Farm Stratford St. Mary', 'Colchester', 'British Isles', 'CO7 6JX', 'UK'),
    (10356, 'WANDK', 6, '2016-11-18', '2016-12-16', '2016-11-27', 2, 36.71, 'Die Wandernde Kuh', 'Adenauerallee 900', 'Stuttgart', 'Western Europe', '70563', 'Germany'),
    (10357, 'LILAS', 1, '2016-11-19', '2016-12-17', '2016-12-02', 3, 34.88, 'LILA-Supermercado', 'Carrera 52 con Ave. Bolívar #65-98 Llano Largo', 'Barquisimeto', 'South America', '3508', 'Venezuela'),
    (10358, 'LAMAI', 5, '2016-11-20', '2016-12-18', '2016-11-27', 1, 19.64, 'La maison d-Asie', '1 rue Alsace-Lorraine', 'Toulouse', 'Western Europe', '31000', 'France'),
    (10359, 'SEVES', 5, '2016-11-21', '2016-12-19', '2016-11-26', 3, 288.43, 'Seven Seas Imports', '90 Wadhurst Rd.', 'London', 'British Isles', 'OX15 4NB', 'UK'),
    (10360, 'BLONP', 4, '2016-11-22', '2016-12-20', '2016-12-02', 3, 131.7, 'Blondel père et fils', '24, place Kléber', 'Strasbourg', 'Western Europe', '67000', 'France'),
    (10361, 'QUICK', 1, '2016-11-22', '2016-12-20', '2016-12-03', 2, 183.17, 'QUICK-Stop', 'Taucherstraße 10', 'Cunewalde', 'Western Europe', '1307', 'Germany'),
    (10362, 'BONAP', 3, '2016-11-25', '2016-12-23', '2016-11-28', 1, 96.04, 'Bon app-', '12, rue des Bouchers', 'Marseille', 'Western Europe', '13008', 'France'),
    (10363, 'DRACD', 4, '2016-11-26', '2016-12-24', '2016-12-04', 3, 30.54, 'Drachenblut Delikatessen', 'Walserweg 21', 'Aachen', 'Western Europe', '52066', 'Germany'),
    (10364, 'EASTC', 1, '2016-11-26', '2017-01-07', '2016-12-04', 1, 71.97, 'Eastern Connection', '35 King George', 'London', 'British Isles', 'WX3 6FW', 'UK'),
    (10365, 'ANTON', 3, '2016-11-27', '2016-12-25', '2016-12-02', 2, 22, 'Antonio Moreno Taquería', 'Mataderos  2312', 'México D.F.', 'Central America', '5023', 'Mexico'),
    (10366, 'GALED', 8, '2016-11-28', '2017-01-09', '2016-12-30', 2, 10.14, 'Galería del gastronómo', 'Rambla de Cataluña, 23', 'Barcelona', 'Southern Europe', '8022', 'Spain'),
    (10367, 'VAFFE', 7, '2016-11-28', '2016-12-26', '2016-12-02', 3, 13.55, 'Vaffeljernet', 'Smagsloget 45', 'Århus', 'Northern Europe', '8200', 'Denmark'),
    (10368, 'ERNSH', 2, '2016-11-29', '2016-12-27', '2016-12-02', 2, 101.95, 'Ernst Handel', 'Kirchgasse 6', 'Graz', 'Western Europe', '8010', 'Austria'),
    (10369, 'SPLIR', 8, '2016-12-02', '2016-12-30', '2016-12-09', 2, 195.68, 'Split Rail Beer & Ale', 'P.O. Box 555', 'Lander', 'North America', '82520', 'USA'),
    (10370, 'CHOPS', 6, '2016-12-03', '2016-12-31', '2016-12-27', 2, 1.17, 'Chop-suey Chinese', 'Hauptstr. 31', 'Bern', 'Western Europe', '3012', 'Switzerland'),
    (10371, 'LAMAI', 1, '2016-12-03', '2016-12-31', '2016-12-24', 1, 0.45, 'La maison d-Asie', '1 rue Alsace-Lorraine', 'Toulouse', 'Western Europe', '31000', 'France'),
    (10372, 'QUEEN', 5, '2016-12-04', '2017-01-01', '2016-12-09', 2, 890.78, 'Queen Cozinha', 'Alameda dos Canàrios, 891', 'Sao Paulo', 'South America', '05487-020', 'Brazil'),
    (10373, 'HUNGO', 4, '2016-12-05', '2017-01-02', '2016-12-11', 3, 124.12, 'Hungry Owl All-Night Grocers', '8 Johnstown Road', 'Cork', 'British Isles', NULL, 'Ireland'),
    (10374, 'WOLZA', 1, '2016-12-05', '2017-01-02', '2016-12-09', 3, 3.94, 'Wolski Zajazd', 'ul. Filtrowa 68', 'Warszawa', 'Eastern Europe', '01-012', 'Poland'),
    (10375, 'HUNGC', 3, '2016-12-06', '2017-01-03', '2016-12-09', 2, 20.12, 'Hungry Coyote Import Store', 'City Center Plaza 516 Main St.', 'Elgin', 'North America', '97827', 'USA'),
    (10376, 'MEREP', 1, '2016-12-09', '2017-01-06', '2016-12-13', 2, 20.39, 'Mère Paillarde', '43 rue St. Laurent', 'Montréal', 'North America', 'H1J 1C3', 'Canada'),
    (10377, 'SEVES', 1, '2016-12-09', '2017-01-06', '2016-12-13', 3, 22.21, 'Seven Seas Imports', '90 Wadhurst Rd.', 'London', 'British Isles', 'OX15 4NB', 'UK'),
    (10378, 'FOLKO', 5, '2016-12-10', '2017-01-07', '2016-12-19', 3, 5.44, 'Folk och fä HB', 'Åkergatan 24', 'Bräcke', 'Northern Europe', 'S-844 67', 'Sweden'),
    (10379, 'QUEDE', 2, '2016-12-11', '2017-01-08', '2016-12-13', 1, 45.03, 'Que Delícia', 'Rua da Panificadora, 12', 'Rio de Janeiro', 'South America', '02389-673', 'Brazil'),
    (10380, 'HUNGO', 8, '2016-12-12', '2017-01-09', '2017-01-16', 3, 35.03, 'Hungry Owl All-Night Grocers', '8 Johnstown Road', 'Cork', 'British Isles', NULL, 'Ireland'),
    (10381, 'LILAS', 3, '2016-12-12', '2017-01-09', '2016-12-13', 3, 7.99, 'LILA-Supermercado', 'Carrera 52 con Ave. Bolívar #65-98 Llano Largo', 'Barquisimeto', 'South America', '3508', 'Venezuela'),
    (10382, 'ERNSH', 4, '2016-12-13', '2017-01-10', '2016-12-16', 1, 94.77, 'Ernst Handel', 'Kirchgasse 6', 'Graz', 'Western Europe', '8010', 'Austria'),
    (10383, 'AROUT', 8, '2016-12-16', '2017-01-13', '2016-12-18', 3, 34.24, 'Around the Horn', 'Brook Farm Stratford St. Mary', 'Colchester', 'British Isles', 'CO7 6JX', 'UK'),
    (10384, 'BERGS', 3, '2016-12-16', '2017-01-13', '2016-12-20', 3, 168.64, 'Berglunds snabbköp', 'Berguvsvägen  8', 'Luleå', 'Northern Europe', 'S-958 22', 'Sweden'),
    (10385, 'SPLIR', 1, '2016-12-17', '2017-01-14', '2016-12-23', 2, 30.96, 'Split Rail Beer & Ale', 'P.O. Box 555', 'Lander', 'North America', '82520', 'USA'),
    (10386, 'FAMIA', 9, '2016-12-18', '2017-01-01', '2016-12-25', 3, 13.99, 'Familia Arquibaldo', 'Rua Orós, 92', 'Sao Paulo', 'South America', '05442-030', 'Brazil'),
    (10387, 'SANTG', 1, '2016-12-18', '2017-01-15', '2016-12-20', 2, 93.63, 'Santé Gourmet', 'Erling Skakkes gate 78', 'Stavern', 'Scandinavia', '4110', 'Norway'),
    (10388, 'SEVES', 2, '2016-12-19', '2017-01-16', '2016-12-20', 1, 34.86, 'Seven Seas Imports', '90 Wadhurst Rd.', 'London', 'British Isles', 'OX15 4NB', 'UK'),
    (10389, 'BOTTM', 4, '2016-12-20', '2017-01-17', '2016-12-24', 2, 47.42, 'Bottom-Dollar Markets', '23 Tsawassen Blvd.', 'Tsawassen', 'North America', 'T2F 8M4', 'Canada'),
    (10390, 'ERNSH', 6, '2016-12-23', '2017-01-20', '2016-12-26', 1, 126.38, 'Ernst Handel', 'Kirchgasse 6', 'Graz', 'Western Europe', '8010', 'Austria'),
    (10391, 'DRACD', 3, '2016-12-23', '2017-01-20', '2016-12-31', 3, 5.45, 'Drachenblut Delikatessen', 'Walserweg 21', 'Aachen', 'Western Europe', '52066', 'Germany'),
    (10392, 'PICCO', 2, '2016-12-24', '2017-01-21', '2017-01-01', 3, 122.46, 'Piccolo und mehr', 'Geislweg 14', 'Salzburg', 'Western Europe', '5020', 'Austria'),
    (10393, 'SAVEA', 1, '2016-12-25', '2017-01-22', '2017-01-03', 3, 126.56, 'Save-a-lot Markets', '187 Suffolk Ln.', 'Boise', 'North America', '83720', 'USA'),
    (10394, 'HUNGC', 1, '2016-12-25', '2017-01-22', '2017-01-03', 3, 30.34, 'Hungry Coyote Import Store', 'City Center Plaza 516 Main St.', 'Elgin', 'North America', '97827', 'USA'),
    (10395, 'HILAA', 6, '2016-12-26', '2017-01-23', '2017-01-03', 1, 184.41, 'HILARION-Abastos', 'Carrera 22 con Ave. Carlos Soublette #8-35', 'San Cristóbal', 'South America', '5022', 'Venezuela'),
    (10396, 'FRANK', 1, '2016-12-27', '2017-01-10', '2017-01-06', 3, 135.35, 'Frankenversand', 'Berliner Platz 43', 'München', 'Western Europe', '80805', 'Germany'),
    (10397, 'PRINI', 5, '2016-12-27', '2017-01-24', '2017-01-02', 1, 60.26, 'Princesa Isabel Vinhos', 'Estrada da saúde n. 58', 'Lisboa', 'Southern Europe', '1756', 'Portugal'),
    (10398, 'SAVEA', 2, '2016-12-30', '2017-01-27', '2017-01-09', 3, 89.16, 'Save-a-lot Markets', '187 Suffolk Ln.', 'Boise', 'North America', '83720', 'USA'),
    (10399, 'VAFFE', 8, '2016-12-31', '2017-01-14', '2017-01-08', 3, 27.36, 'Vaffeljernet', 'Smagsloget 45', 'Århus', 'Northern Europe', '8200', 'Denmark'),
    (10400, 'EASTC', 1, '2017-01-01', '2017-01-29', '2017-01-16', 3, 83.93, 'Eastern Connection', '35 King George', 'London', 'British Isles', 'WX3 6FW', 'UK'),
    (10401, 'RATTC', 1, '2017-01-01', '2017-01-29', '2017-01-10', 1, 12.51, 'Rattlesnake Canyon Grocery', '2817 Milton Dr.', 'Albuquerque', 'North America', '87110', 'USA'),
    (10402, 'ERNSH', 8, '2017-01-02', '2017-02-13', '2017-01-10', 2, 67.88, 'Ernst Handel', 'Kirchgasse 6', 'Graz', 'Western Europe', '8010', 'Austria'),
    (10403, 'ERNSH', 4, '2017-01-03', '2017-01-31', '2017-01-09', 3, 73.79, 'Ernst Handel', 'Kirchgasse 6', 'Graz', 'Western Europe', '8010', 'Austria'),
    (10404, 'MAGAA', 2, '2017-01-03', '2017-01-31', '2017-01-08', 1, 155.97, 'Magazzini Alimentari Riuniti', 'Via Ludovico il Moro 22', 'Bergamo', 'Southern Europe', '24100', 'Italy'),
    (10405, 'LINOD', 1, '2017-01-06', '2017-02-03', '2017-01-22', 1, 34.82, 'LINO-Delicateses', 'Ave. 5 de Mayo Porlamar', 'I. de Margarita', 'South America', '4980', 'Venezuela'),
    (10406, 'QUEEN', 7, '2017-01-07', '2017-02-18', '2017-01-13', 1, 108.04, 'Queen Cozinha', 'Alameda dos Canàrios, 891', 'Sao Paulo', 'South America', '05487-020', 'Brazil'),
    (10407, 'OTTIK', 2, '2017-01-07', '2017-02-04', '2017-01-30', 2, 91.48, 'Ottilies Käseladen', 'Mehrheimerstr. 369', 'Köln', 'Western Europe', '50739', 'Germany'),
    (10408, 'FOLIG', 8, '2017-01-08', '2017-02-05', '2017-01-14', 1, 11.26, 'Folies gourmandes', '184, chaussée de Tournai', 'Lille', 'Western Europe', '59000', 'France'),
    (10409, 'OCEAN', 3, '2017-01-09', '2017-02-06', '2017-01-14', 1, 29.83, 'Océano Atlántico Ltda.', 'Ing. Gustavo Moncada 8585 Piso 20-A', 'Buenos Aires', 'South America', '1010', 'Argentina'),
    (10410, 'BOTTM', 3, '2017-01-10', '2017-02-07', '2017-01-15', 3, 2.4, 'Bottom-Dollar Markets', '23 Tsawassen Blvd.', 'Tsawassen', 'North America', 'T2F 8M4', 'Canada'),
    (10411, 'BOTTM', 9, '2017-01-10', '2017-02-07', '2017-01-21', 3, 23.65, 'Bottom-Dollar Markets', '23 Tsawassen Blvd.', 'Tsawassen', 'North America', 'T2F 8M4', 'Canada'),
    (10412, 'WARTH', 8, '2017-01-13', '2017-02-10', '2017-01-15', 2, 3.77, 'Wartian Herkku', 'Torikatu 38', 'Oulu', 'Scandinavia', '90110', 'Finland'),
    (10413, 'LAMAI', 3, '2017-01-14', '2017-02-11', '2017-01-16', 2, 95.66, 'La maison d-Asie', '1 rue Alsace-Lorraine', 'Toulouse', 'Western Europe', '31000', 'France'),
    (10414, 'FAMIA', 2, '2017-01-14', '2017-02-11', '2017-01-17', 3, 21.48, 'Familia Arquibaldo', 'Rua Orós, 92', 'Sao Paulo', 'South America', '05442-030', 'Brazil'),
    (10415, 'HUNGC', 3, '2017-01-15', '2017-02-12', '2017-01-24', 1, 0.2, 'Hungry Coyote Import Store', 'City Center Plaza 516 Main St.', 'Elgin', 'North America', '97827', 'USA'),
    (10416, 'WARTH', 8, '2017-01-16', '2017-02-13', '2017-01-27', 3, 22.72, 'Wartian Herkku', 'Torikatu 38', 'Oulu', 'Scandinavia', '90110', 'Finland'),
    (10417, 'SIMOB', 4, '2017-01-16', '2017-02-13', '2017-01-28', 3, 70.29, 'Simons bistro', 'Vinbæltet 34', 'Kobenhavn', 'Northern Europe', '1734', 'Denmark'),
    (10418, 'QUICK', 4, '2017-01-17', '2017-02-14', '2017-01-24', 1, 17.55, 'QUICK-Stop', 'Taucherstraße 10', 'Cunewalde', 'Western Europe', '1307', 'Germany'),
    (10419, 'RICSU', 4, '2017-01-20', '2017-02-17', '2017-01-30', 2, 137.35, 'Richter Supermarkt', 'Starenweg 5', 'Genève', 'Western Europe', '1204', 'Switzerland'),
    (10420, 'WELLI', 3, '2017-01-21', '2017-02-18', '2017-01-27', 1, 44.12, 'Wellington Importadora', 'Rua do Mercado, 12', 'Resende', 'South America', '08737-363', 'Brazil'),
    (10421, 'QUEDE', 8, '2017-01-21', '2017-03-04', '2017-01-27', 1, 99.23, 'Que Delícia', 'Rua da Panificadora, 12', 'Rio de Janeiro', 'South America', '02389-673', 'Brazil'),
    (10422, 'FRANS', 2, '2017-01-22', '2017-02-19', '2017-01-31', 1, 3.02, 'Franchi S.p.A.', 'Via Monte Bianco 34', 'Torino', 'Southern Europe', '10100', 'Italy'),
    (10423, 'GOURL', 6, '2017-01-23', '2017-02-06', '2017-02-24', 3, 24.5, 'Gourmet Lanchonetes', 'Av. Brasil, 442', 'Campinas', 'South America', '04876-786', 'Brazil'),
    (10424, 'MEREP', 7, '2017-01-23', '2017-02-20', '2017-01-27', 2, 370.61, 'Mère Paillarde', '43 rue St. Laurent', 'Montréal', 'North America', 'H1J 1C3', 'Canada'),
    (10425, 'LAMAI', 6, '2017-01-24', '2017-02-21', '2017-02-14', 2, 7.93, 'La maison d-Asie', '1 rue Alsace-Lorraine', 'Toulouse', 'Western Europe', '31000', 'France'),
    (10426, 'GALED', 4, '2017-01-27', '2017-02-24', '2017-02-06', 1, 18.69, 'Galería del gastronómo', 'Rambla de Cataluña, 23', 'Barcelona', 'Southern Europe', '8022', 'Spain'),
    (10427, 'PICCO', 4, '2017-01-27', '2017-02-24', '2017-03-03', 2, 31.29, 'Piccolo und mehr', 'Geislweg 14', 'Salzburg', 'Western Europe', '5020', 'Austria'),
    (10428, 'REGGC', 7, '2017-01-28', '2017-02-25', '2017-02-04', 1, 11.09, 'Reggiani Caseifici', 'Strada Provinciale 124', 'Reggio Emilia', 'Southern Europe', '42100', 'Italy'),
    (10429, 'HUNGO', 3, '2017-01-29', '2017-03-12', '2017-02-07', 2, 56.63, 'Hungry Owl All-Night Grocers', '8 Johnstown Road', 'Cork', 'British Isles', NULL, 'Ireland'),
    (10430, 'ERNSH', 4, '2017-01-30', '2017-02-13', '2017-02-03', 1, 458.78, 'Ernst Handel', 'Kirchgasse 6', 'Graz', 'Western Europe', '8010', 'Austria'),
    (10431, 'BOTTM', 4, '2017-01-30', '2017-02-13', '2017-02-07', 2, 44.17, 'Bottom-Dollar Markets', '23 Tsawassen Blvd.', 'Tsawassen', 'North America', 'T2F 8M4', 'Canada'),
    (10432, 'SPLIR', 3, '2017-01-31', '2017-02-14', '2017-02-07', 2, 4.34, 'Split Rail Beer & Ale', 'P.O. Box 555', 'Lander', 'North America', '82520', 'USA'),
    (10433, 'PRINI', 3, '2017-02-03', '2017-03-03', '2017-03-04', 3, 73.83, 'Princesa Isabel Vinhos', 'Estrada da saúde n. 58', 'Lisboa', 'Southern Europe', '1756', 'Portugal'),
    (10434, 'FOLKO', 3, '2017-02-03', '2017-03-03', '2017-02-13', 2, 17.92, 'Folk och fä HB', 'Åkergatan 24', 'Bräcke', 'Northern Europe', 'S-844 67', 'Sweden'),
    (10435, 'CONSH', 8, '2017-02-04', '2017-03-18', '2017-02-07', 2, 9.21, 'Consolidated Holdings', 'Berkeley Gardens 12  Brewery', 'London', 'British Isles', 'WX1 6LT', 'UK'),
    (10436, 'BLONP', 3, '2017-02-05', '2017-03-05', '2017-02-11', 2, 156.66, 'Blondel père et fils', '24, place Kléber', 'Strasbourg', 'Western Europe', '67000', 'France'),
    (10437, 'WARTH', 8, '2017-02-05', '2017-03-05', '2017-02-12', 1, 19.97, 'Wartian Herkku', 'Torikatu 38', 'Oulu', 'Scandinavia', '90110', 'Finland'),
    (10438, 'TOMSP', 3, '2017-02-06', '2017-03-06', '2017-02-14', 2, 8.24, 'Toms Spezialitäten', 'Luisenstr. 48', 'Münster', 'Western Europe', '44087', 'Germany'),
    (10439, 'MEREP', 6, '2017-02-07', '2017-03-07', '2017-02-10', 3, 4.07, 'Mère Paillarde', '43 rue St. Laurent', 'Montréal', 'North America', 'H1J 1C3', 'Canada'),
    (10440, 'SAVEA', 4, '2017-02-10', '2017-03-10', '2017-02-28', 2, 86.53, 'Save-a-lot Markets', '187 Suffolk Ln.', 'Boise', 'North America', '83720', 'USA'),
    (10441, 'OLDWO', 3, '2017-02-10', '2017-03-24', '2017-03-14', 2, 73.02, 'Old World Delicatessen', '2743 Bering St.', 'Anchorage', 'North America', '99508', 'USA'),
    (10442, 'ERNSH', 3, '2017-02-11', '2017-03-11', '2017-02-18', 2, 47.94, 'Ernst Handel', 'Kirchgasse 6', 'Graz', 'Western Europe', '8010', 'Austria'),
    (10443, 'REGGC', 8, '2017-02-12', '2017-03-12', '2017-02-14', 1, 13.95, 'Reggiani Caseifici', 'Strada Provinciale 124', 'Reggio Emilia', 'Southern Europe', '42100', 'Italy'),
    (10444, 'BERGS', 3, '2017-02-12', '2017-03-12', '2017-02-21', 3, 3.5, 'Berglunds snabbköp', 'Berguvsvägen  8', 'Luleå', 'Northern Europe', 'S-958 22', 'Sweden'),
    (10445, 'BERGS', 3, '2017-02-13', '2017-03-13', '2017-02-20', 1, 9.3, 'Berglunds snabbköp', 'Berguvsvägen  8', 'Luleå', 'Northern Europe', 'S-958 22', 'Sweden'),
    (10446, 'TOMSP', 6, '2017-02-14', '2017-03-14', '2017-02-19', 1, 14.68, 'Toms Spezialitäten', 'Luisenstr. 48', 'Münster', 'Western Europe', '44087', 'Germany'),
    (10447, 'RICAR', 4, '2017-02-14', '2017-03-14', '2017-03-07', 2, 68.66, 'Ricardo Adocicados', 'Av. Copacabana, 267', 'Rio de Janeiro', 'South America', '02389-890', 'Brazil'),
    (10448, 'RANCH', 4, '2017-02-17', '2017-03-17', '2017-02-24', 2, 38.82, 'Rancho grande', 'Av. del Libertador 900', 'Buenos Aires', 'South America', '1010', 'Argentina'),
    (10449, 'BLONP', 3, '2017-02-18', '2017-03-18', '2017-02-27', 2, 53.3, 'Blondel père et fils', '24, place Kléber', 'Strasbourg', 'Western Europe', '67000', 'France'),
    (10450, 'VICTE', 8, '2017-02-19', '2017-03-19', '2017-03-11', 2, 7.23, 'Victuailles en stock', '2, rue du Commerce', 'Lyon', 'Western Europe', '69004', 'France'),
    (10451, 'QUICK', 4, '2017-02-19', '2017-03-05', '2017-03-12', 3, 189.09, 'QUICK-Stop', 'Taucherstraße 10', 'Cunewalde', 'Western Europe', '1307', 'Germany'),
    (10452, 'SAVEA', 8, '2017-02-20', '2017-03-20', '2017-02-26', 1, 140.26, 'Save-a-lot Markets', '187 Suffolk Ln.', 'Boise', 'North America', '83720', 'USA'),
    (10453, 'AROUT', 1, '2017-02-21', '2017-03-21', '2017-02-26', 2, 25.36, 'Around the Horn', 'Brook Farm Stratford St. Mary', 'Colchester', 'British Isles', 'CO7 6JX', 'UK'),
    (10454, 'LAMAI', 4, '2017-02-21', '2017-03-21', '2017-02-25', 3, 2.74, 'La maison d-Asie', '1 rue Alsace-Lorraine', 'Toulouse', 'Western Europe', '31000', 'France'),
    (10455, 'WARTH', 8, '2017-02-24', '2017-04-07', '2017-03-03', 2, 180.45, 'Wartian Herkku', 'Torikatu 38', 'Oulu', 'Scandinavia', '90110', 'Finland'),
    (10456, 'KOENE', 8, '2017-02-25', '2017-04-08', '2017-02-28', 2, 8.12, 'Königlich Essen', 'Maubelstr. 90', 'Brandenburg', 'Western Europe', '14776', 'Germany'),
    (10457, 'KOENE', 2, '2017-02-25', '2017-03-25', '2017-03-03', 1, 11.57, 'Königlich Essen', 'Maubelstr. 90', 'Brandenburg', 'Western Europe', '14776', 'Germany'),
    (10458, 'SUPRD', 7, '2017-02-26', '2017-03-26', '2017-03-04', 3, 147.06, 'Suprêmes délices', 'Boulevard Tirou, 255', 'Charleroi', 'Western Europe', 'B-6000', 'Belgium'),
    (10459, 'VICTE', 4, '2017-02-27', '2017-03-27', '2017-02-28', 2, 25.09, 'Victuailles en stock', '2, rue du Commerce', 'Lyon', 'Western Europe', '69004', 'France'),
    (10460, 'FOLKO', 8, '2017-02-28', '2017-03-28', '2017-03-03', 1, 16.27, 'Folk och fä HB', 'Åkergatan 24', 'Bräcke', 'Northern Europe', 'S-844 67', 'Sweden'),
    (10461, 'LILAS', 1, '2017-02-28', '2017-03-28', '2017-03-05', 3, 148.61, 'LILA-Supermercado', 'Carrera 52 con Ave. Bolívar #65-98 Llano Largo', 'Barquisimeto', 'South America', '3508', 'Venezuela'),
    (10462, 'CONSH', 2, '2017-03-03', '2017-03-31', '2017-03-18', 1, 6.17, 'Consolidated Holdings', 'Berkeley Gardens 12  Brewery', 'London', 'British Isles', 'WX1 6LT', 'UK'),
    (10463, 'SUPRD', 5, '2017-03-04', '2017-04-01', '2017-03-06', 3, 14.78, 'Suprêmes délices', 'Boulevard Tirou, 255', 'Charleroi', 'Western Europe', 'B-6000', 'Belgium'),
    (10464, 'FURIB', 4, '2017-03-04', '2017-04-01', '2017-03-14', 2, 89, 'Furia Bacalhau e Frutos do Mar', 'Jardim das rosas n. 32', 'Lisboa', 'Southern Europe', '1675', 'Portugal'),
    (10465, 'VAFFE', 1, '2017-03-05', '2017-04-02', '2017-03-14', 3, 145.04, 'Vaffeljernet', 'Smagsloget 45', 'Århus', 'Northern Europe', '8200', 'Denmark'),
    (10466, 'COMMI', 4, '2017-03-06', '2017-04-03', '2017-03-13', 1, 11.93, 'Comércio Mineiro', 'Av. dos Lusíadas, 23', 'Sao Paulo', 'South America', '05432-043', 'Brazil'),
    (10467, 'MAGAA', 8, '2017-03-06', '2017-04-03', '2017-03-11', 2, 4.93, 'Magazzini Alimentari Riuniti', 'Via Ludovico il Moro 22', 'Bergamo', 'Southern Europe', '24100', 'Italy'),
    (10468, 'KOENE', 3, '2017-03-07', '2017-04-04', '2017-03-12', 3, 44.12, 'Königlich Essen', 'Maubelstr. 90', 'Brandenburg', 'Western Europe', '14776', 'Germany'),
    (10469, 'WHITC', 1, '2017-03-10', '2017-04-07', '2017-03-14', 1, 60.18, 'White Clover Markets', '1029 - 12th Ave. S.', 'Seattle', 'North America', '98124', 'USA'),
    (10470, 'BONAP', 4, '2017-03-11', '2017-04-08', '2017-03-14', 2, 64.56, 'Bon app-', '12, rue des Bouchers', 'Marseille', 'Western Europe', '13008', 'France'),
    (10471, 'BSBEV', 2, '2017-03-11', '2017-04-08', '2017-03-18', 3, 45.59, 'B-s Beverages', 'Fauntleroy Circus', 'London', 'British Isles', 'EC2 5NT', 'UK'),
    (10472, 'SEVES', 8, '2017-03-12', '2017-04-09', '2017-03-19', 1, 4.2, 'Seven Seas Imports', '90 Wadhurst Rd.', 'London', 'British Isles', 'OX15 4NB', 'UK'),
    (10473, 'ISLAT', 1, '2017-03-13', '2017-03-27', '2017-03-21', 3, 16.37, 'Island Trading', 'Garden House Crowther Way', 'Cowes', 'British Isles', 'PO31 7PJ', 'UK'),
    (10474, 'PERIC', 5, '2017-03-13', '2017-04-10', '2017-03-21', 2, 83.49, 'Pericles Comidas clásicas', 'Calle Dr. Jorge Cash 321', 'México D.F.', 'Central America', '5033', 'Mexico'),
    (10475, 'SUPRD', 9, '2017-03-14', '2017-04-11', '2017-04-04', 1, 68.52, 'Suprêmes délices', 'Boulevard Tirou, 255', 'Charleroi', 'Western Europe', 'B-6000', 'Belgium'),
    (10476, 'HILAA', 8, '2017-03-17', '2017-04-14', '2017-03-24', 3, 4.41, 'HILARION-Abastos', 'Carrera 22 con Ave. Carlos Soublette #8-35', 'San Cristóbal', 'South America', '5022', 'Venezuela'),
    (10477, 'PRINI', 5, '2017-03-17', '2017-04-14', '2017-03-25', 2, 13.02, 'Princesa Isabel Vinhos', 'Estrada da saúde n. 58', 'Lisboa', 'Southern Europe', '1756', 'Portugal'),
    (10478, 'VICTE', 2, '2017-03-18', '2017-04-01', '2017-03-26', 3, 4.81, 'Victuailles en stock', '2, rue du Commerce', 'Lyon', 'Western Europe', '69004', 'France'),
    (10479, 'RATTC', 3, '2017-03-19', '2017-04-16', '2017-03-21', 3, 708.95, 'Rattlesnake Canyon Grocery', '2817 Milton Dr.', 'Albuquerque', 'North America', '87110', 'USA'),
    (10480, 'FOLIG', 6, '2017-03-20', '2017-04-17', '2017-03-24', 2, 1.35, 'Folies gourmandes', '184, chaussée de Tournai', 'Lille', 'Western Europe', '59000', 'France'),
    (10481, 'RICAR', 8, '2017-03-20', '2017-04-17', '2017-03-25', 2, 64.33, 'Ricardo Adocicados', 'Av. Copacabana, 267', 'Rio de Janeiro', 'South America', '02389-890', 'Brazil'),
    (10482, 'LAZYK', 1, '2017-03-21', '2017-04-18', '2017-04-10', 3, 7.48, 'Lazy K Kountry Store', '12 Orchestra Terrace', 'Walla Walla', 'North America', '99362', 'USA'),
    (10483, 'WHITC', 7, '2017-03-24', '2017-04-21', '2017-04-25', 2, 15.28, 'White Clover Markets', '1029 - 12th Ave. S.', 'Seattle', 'North America', '98124', 'USA'),
    (10484, 'BSBEV', 3, '2017-03-24', '2017-04-21', '2017-04-01', 3, 6.88, 'B-s Beverages', 'Fauntleroy Circus', 'London', 'British Isles', 'EC2 5NT', 'UK'),
    (10485, 'LINOD', 4, '2017-03-25', '2017-04-08', '2017-03-31', 2, 64.45, 'LINO-Delicateses', 'Ave. 5 de Mayo Porlamar', 'I. de Margarita', 'South America', '4980', 'Venezuela'),
    (10486, 'HILAA', 1, '2017-03-26', '2017-04-23', '2017-04-02', 2, 30.53, 'HILARION-Abastos', 'Carrera 22 con Ave. Carlos Soublette #8-35', 'San Cristóbal', 'South America', '5022', 'Venezuela'),
    (10487, 'QUEEN', 2, '2017-03-26', '2017-04-23', '2017-03-28', 2, 71.07, 'Queen Cozinha', 'Alameda dos Canàrios, 891', 'Sao Paulo', 'South America', '05487-020', 'Brazil'),
    (10488, 'FRANK', 8, '2017-03-27', '2017-04-24', '2017-04-02', 2, 4.93, 'Frankenversand', 'Berliner Platz 43', 'München', 'Western Europe', '80805', 'Germany'),
    (10489, 'PICCO', 6, '2017-03-28', '2017-04-25', '2017-04-09', 2, 5.29, 'Piccolo und mehr', 'Geislweg 14', 'Salzburg', 'Western Europe', '5020', 'Austria'),
    (10490, 'HILAA', 7, '2017-03-31', '2017-04-28', '2017-04-03', 2, 210.19, 'HILARION-Abastos', 'Carrera 22 con Ave. Carlos Soublette #8-35', 'San Cristóbal', 'South America', '5022', 'Venezuela'),
    (10491, 'FURIB', 8, '2017-03-31', '2017-04-28', '2017-04-08', 3, 16.96, 'Furia Bacalhau e Frutos do Mar', 'Jardim das rosas n. 32', 'Lisboa', 'Southern Europe', '1675', 'Portugal'),
    (10492, 'BOTTM', 3, '2017-04-01', '2017-04-29', '2017-04-11', 1, 62.89, 'Bottom-Dollar Markets', '23 Tsawassen Blvd.', 'Tsawassen', 'North America', 'T2F 8M4', 'Canada'),
    (10493, 'LAMAI', 4, '2017-04-02', '2017-04-30', '2017-04-10', 3, 10.64, 'La maison d-Asie', '1 rue Alsace-Lorraine', 'Toulouse', 'Western Europe', '31000', 'France'),
    (10494, 'COMMI', 4, '2017-04-02', '2017-04-30', '2017-04-09', 2, 65.99, 'Comércio Mineiro', 'Av. dos Lusíadas, 23', 'Sao Paulo', 'South America', '05432-043', 'Brazil'),
    (10495, 'LAUGB', 3, '2017-04-03', '2017-05-01', '2017-04-11', 3, 4.65, 'Laughing Bacchus Wine Cellars', '2319 Elm St.', 'Vancouver', 'North America', 'V3F 2K1', 'Canada'),
    (10496, 'TRADH', 7, '2017-04-04', '2017-05-02', '2017-04-07', 2, 46.77, 'Tradiçao Hipermercados', 'Av. Inês de Castro, 414', 'Sao Paulo', 'South America', '05634-030', 'Brazil'),
    (10497, 'LEHMS', 7, '2017-04-04', '2017-05-02', '2017-04-07', 1, 36.21, 'Lehmanns Marktstand', 'Magazinweg 7', 'Frankfurt a.M.', 'Western Europe', '60528', 'Germany'),
    (10498, 'HILAA', 8, '2017-04-07', '2017-05-05', '2017-04-11', 2, 29.75, 'HILARION-Abastos', 'Carrera 22 con Ave. Carlos Soublette #8-35', 'San Cristóbal', 'South America', '5022', 'Venezuela'),
    (10499, 'LILAS', 4, '2017-04-08', '2017-05-06', '2017-04-16', 2, 102.02, 'LILA-Supermercado', 'Carrera 52 con Ave. Bolívar #65-98 Llano Largo', 'Barquisimeto', 'South America', '3508', 'Venezuela'),
    (10500, 'LAMAI', 6, '2017-04-09', '2017-05-07', '2017-04-17', 1, 42.68, 'La maison d-Asie', '1 rue Alsace-Lorraine', 'Toulouse', 'Western Europe', '31000', 'France'),
    (10501, 'BLAUS', 9, '2017-04-09', '2017-05-07', '2017-04-16', 3, 8.85, 'Blauer See Delikatessen', 'Forsterstr. 57', 'Mannheim', 'Western Europe', '68306', 'Germany'),
    (10502, 'PERIC', 2, '2017-04-10', '2017-05-08', '2017-04-29', 1, 69.32, 'Pericles Comidas clásicas', 'Calle Dr. Jorge Cash 321', 'México D.F.', 'Central America', '5033', 'Mexico'),
    (10503, 'HUNGO', 6, '2017-04-11', '2017-05-09', '2017-04-16', 2, 16.74, 'Hungry Owl All-Night Grocers', '8 Johnstown Road', 'Cork', 'British Isles', NULL, 'Ireland'),
    (10504, 'WHITC', 4, '2017-04-11', '2017-05-09', '2017-04-18', 3, 59.13, 'White Clover Markets', '1029 - 12th Ave. S.', 'Seattle', 'North America', '98124', 'USA'),
    (10505, 'MEREP', 3, '2017-04-14', '2017-05-12', '2017-04-21', 3, 7.13, 'Mère Paillarde', '43 rue St. Laurent', 'Montréal', 'North America', 'H1J 1C3', 'Canada'),
    (10506, 'KOENE', 9, '2017-04-15', '2017-05-13', '2017-05-02', 2, 21.19, 'Königlich Essen', 'Maubelstr. 90', 'Brandenburg', 'Western Europe', '14776', 'Germany'),
    (10507, 'ANTON', 7, '2017-04-15', '2017-05-13', '2017-04-22', 1, 47.45, 'Antonio Moreno Taquería', 'Mataderos 2312', 'México D.F.', 'Central America', '5023', 'Mexico'),
    (10508, 'OTTIK', 1, '2017-04-16', '2017-05-14', '2017-05-13', 2, 4.99, 'Ottilies Käseladen', 'Mehrheimerstr. 369', 'Köln', 'Western Europe', '50739', 'Germany'),
    (10509, 'BLAUS', 4, '2017-04-17', '2017-05-15', '2017-04-29', 1, 0.15, 'Blauer See Delikatessen', 'Forsterstr. 57', 'Mannheim', 'Western Europe', '68306', 'Germany'),
    (10510, 'SAVEA', 6, '2017-04-18', '2017-05-16', '2017-04-28', 3, 367.63, 'Save-a-lot Markets', '187 Suffolk Ln.', 'Boise', 'North America', '83720', 'USA'),
    (10511, 'BONAP', 4, '2017-04-18', '2017-05-16', '2017-04-21', 3, 350.64, 'Bon app-', '12, rue des Bouchers', 'Marseille', 'Western Europe', '13008', 'France'),
    (10512, 'FAMIA', 7, '2017-04-21', '2017-05-19', '2017-04-24', 2, 3.53, 'Familia Arquibaldo', 'Rua Orós, 92', 'Sao Paulo', 'South America', '05442-030', 'Brazil'),
    (10513, 'WANDK', 7, '2017-04-22', '2017-06-03', '2017-04-28', 1, 105.65, 'Die Wandernde Kuh', 'Adenauerallee 900', 'Stuttgart', 'Western Europe', '70563', 'Germany'),
    (10514, 'ERNSH', 3, '2017-04-22', '2017-05-20', '2017-05-16', 2, 789.95, 'Ernst Handel', 'Kirchgasse 6', 'Graz', 'Western Europe', '8010', 'Austria'),
    (10515, 'QUICK', 2, '2017-04-23', '2017-05-07', '2017-05-23', 1, 204.47, 'QUICK-Stop', 'Taucherstraße 10', 'Cunewalde', 'Western Europe', '1307', 'Germany'),
    (10516, 'HUNGO', 2, '2017-04-24', '2017-05-22', '2017-05-01', 3, 62.78, 'Hungry Owl All-Night Grocers', '8 Johnstown Road', 'Cork', 'British Isles', NULL, 'Ireland'),
    (10517, 'NORTS', 3, '2017-04-24', '2017-05-22', '2017-04-29', 3, 32.07, 'North/South', 'South House 300 Queensbridge', 'London', 'British Isles', 'SW7 1RZ', 'UK'),
    (10518, 'TORTU', 4, '2017-04-25', '2017-05-09', '2017-05-05', 2, 218.15, 'Tortuga Restaurante', 'Avda. Azteca 123', 'México D.F.', 'Central America', '5033', 'Mexico'),
    (10519, 'CHOPS', 6, '2017-04-28', '2017-05-26', '2017-05-01', 3, 91.76, 'Chop-suey Chinese', 'Hauptstr. 31', 'Bern', 'Western Europe', '3012', 'Switzerland'),
    (10520, 'SANTG', 7, '2017-04-29', '2017-05-27', '2017-05-01', 1, 13.37, 'Santé Gourmet', 'Erling Skakkes gate 78', 'Stavern', 'Scandinavia', '4110', 'Norway'),
    (10521, 'CACTU', 8, '2017-04-29', '2017-05-27', '2017-05-02', 2, 17.22, 'Cactus Comidas para llevar', 'Cerrito 333', 'Buenos Aires', 'South America', '1010', 'Argentina'),
    (10522, 'LEHMS', 4, '2017-04-30', '2017-05-28', '2017-05-06', 1, 45.33, 'Lehmanns Marktstand', 'Magazinweg 7', 'Frankfurt a.M.', 'Western Europe', '60528', 'Germany'),
    (10523, 'SEVES', 7, '2017-05-01', '2017-05-29', '2017-05-30', 2, 77.63, 'Seven Seas Imports', '90 Wadhurst Rd.', 'London', 'British Isles', 'OX15 4NB', 'UK'),
    (10524, 'BERGS', 1, '2017-05-01', '2017-05-29', '2017-05-07', 2, 244.79, 'Berglunds snabbköp', 'Berguvsvägen 8', 'Luleå', 'Northern Europe', 'S-958 22', 'Sweden'),
    (10525, 'BONAP', 1, '2017-05-02', '2017-05-30', '2017-05-23', 2, 11.06, 'Bon app-', '12, rue des Bouchers', 'Marseille', 'Western Europe', '13008', 'France'),
    (10526, 'WARTH', 4, '2017-05-05', '2017-06-02', '2017-05-15', 2, 58.59, 'Wartian Herkku', 'Torikatu 38', 'Oulu', 'Scandinavia', '90110', 'Finland'),
    (10527, 'QUICK', 7, '2017-05-05', '2017-06-02', '2017-05-07', 1, 41.9, 'QUICK-Stop', 'Taucherstraße 10', 'Cunewalde', 'Western Europe', '1307', 'Germany'),
    (10528, 'GREAL', 6, '2017-05-06', '2017-05-20', '2017-05-09', 2, 3.35, 'Great Lakes Food Market', '2732 Baker Blvd.', 'Eugene', 'North America', '97403', 'USA'),
    (10529, 'MAISD', 5, '2017-05-07', '2017-06-04', '2017-05-09', 2, 66.69, 'Maison Dewey', 'Rue Joseph-Bens 532', 'Bruxelles', 'Western Europe', 'B-1180', 'Belgium'),
    (10530, 'PICCO', 3, '2017-05-08', '2017-06-05', '2017-05-12', 2, 339.22, 'Piccolo und mehr', 'Geislweg 14', 'Salzburg', 'Western Europe', '5020', 'Austria'),
    (10531, 'OCEAN', 7, '2017-05-08', '2017-06-05', '2017-05-19', 1, 8.12, 'Océano Atlántico Ltda.', 'Ing. Gustavo Moncada 8585 Piso 20-A', 'Buenos Aires', 'South America', '1010', 'Argentina'),
    (10532, 'EASTC', 7, '2017-05-09', '2017-06-06', '2017-05-12', 3, 74.46, 'Eastern Connection', '35 King George', 'London', 'British Isles', 'WX3 6FW', 'UK'),
    (10533, 'FOLKO', 8, '2017-05-12', '2017-06-09', '2017-05-22', 1, 188.04, 'Folk och fä HB', 'Åkergatan 24', 'Bräcke', 'Northern Europe', 'S-844 67', 'Sweden'),
    (10534, 'LEHMS', 8, '2017-05-12', '2017-06-09', '2017-05-14', 2, 27.94, 'Lehmanns Marktstand', 'Magazinweg 7', 'Frankfurt a.M.', 'Western Europe', '60528', 'Germany'),
    (10535, 'ANTON', 4, '2017-05-13', '2017-06-10', '2017-05-21', 1, 15.64, 'Antonio Moreno Taquería', 'Mataderos 2312', 'México D.F.', 'Central America', '5023', 'Mexico'),
    (10536, 'LEHMS', 3, '2017-05-14', '2017-06-11', '2017-06-06', 2, 58.88, 'Lehmanns Marktstand', 'Magazinweg 7', 'Frankfurt a.M.', 'Western Europe', '60528', 'Germany'),
    (10537, 'RICSU', 1, '2017-05-14', '2017-05-28', '2017-05-19', 1, 78.85, 'Richter Supermarkt', 'Starenweg 5', 'Genève', 'Western Europe', '1204', 'Switzerland'),
    (10538, 'BSBEV', 9, '2017-05-15', '2017-06-12', '2017-05-16', 3, 4.87, 'B-s Beverages', 'Fauntleroy Circus', 'London', 'British Isles', 'EC2 5NT', 'UK'),
    (10539, 'BSBEV', 6, '2017-05-16', '2017-06-13', '2017-05-23', 3, 12.36, 'B-s Beverages', 'Fauntleroy Circus', 'London', 'British Isles', 'EC2 5NT', 'UK'),
    (10540, 'QUICK', 3, '2017-05-19', '2017-06-16', '2017-06-13', 3, 1007.64, 'QUICK-Stop', 'Taucherstraße 10', 'Cunewalde', 'Western Europe', '1307', 'Germany'),
    (10541, 'HANAR', 2, '2017-05-19', '2017-06-16', '2017-05-29', 1, 68.65, 'Hanari Carnes', 'Rua do Paço, 67', 'Rio de Janeiro', 'South America', '05454-876', 'Brazil'),
    (10542, 'KOENE', 1, '2017-05-20', '2017-06-17', '2017-05-26', 3, 10.95, 'Königlich Essen', 'Maubelstr. 90', 'Brandenburg', 'Western Europe', '14776', 'Germany'),
    (10543, 'LILAS', 8, '2017-05-21', '2017-06-18', '2017-05-23', 2, 48.17, 'LILA-Supermercado', 'Carrera 52 con Ave. Bolívar #65-98 Llano Largo', 'Barquisimeto', 'South America', '3508', 'Venezuela'),
    (10544, 'LONEP', 4, '2017-05-21', '2017-06-18', '2017-05-30', 1, 24.91, 'Lonesome Pine Restaurant', '89 Chiaroscuro Rd.', 'Portland', 'North America', '97219', 'USA'),
    (10545, 'LAZYK', 8, '2017-05-22', '2017-06-19', '2017-06-26', 2, 11.92, 'Lazy K Kountry Store', '12 Orchestra Terrace', 'Walla Walla', 'North America', '99362', 'USA'),
    (10546, 'VICTE', 1, '2017-05-23', '2017-06-20', '2017-05-27', 3, 194.72, 'Victuailles en stock', '2, rue du Commerce', 'Lyon', 'Western Europe', '69004', 'France'),
    (10547, 'SEVES', 3, '2017-05-23', '2017-06-20', '2017-05-26', 2, 178.43, 'Seven Seas Imports', '90 Wadhurst Rd.', 'London', 'British Isles', 'OX15 4NB', 'UK'),
    (10548, 'TOMSP', 3, '2017-05-26', '2017-06-23', '2017-06-02', 2, 1.43, 'Toms Spezialitäten', 'Luisenstr. 48', 'Münster', 'Western Europe', '44087', 'Germany'),
    (10549, 'QUICK', 5, '2017-05-27', '2017-06-10', '2017-05-30', 1, 171.24, 'QUICK-Stop', 'Taucherstraße 10', 'Cunewalde', 'Western Europe', '1307', 'Germany'),
    (10550, 'GODOS', 7, '2017-05-28', '2017-06-25', '2017-06-06', 3, 4.32, 'Godos Cocina Típica', 'C/ Romero, 33', 'Sevilla', 'Southern Europe', '41101', 'Spain'),
    (10551, 'FURIB', 4, '2017-05-28', '2017-07-09', '2017-06-06', 3, 72.95, 'Furia Bacalhau e Frutos do Mar', 'Jardim das rosas n. 32', 'Lisboa', 'Southern Europe', '1675', 'Portugal'),
    (10552, 'HILAA', 2, '2017-05-29', '2017-06-26', '2017-06-05', 1, 83.22, 'HILARION-Abastos', 'Carrera 22 con Ave. Carlos Soublette #8-35', 'San Cristóbal', 'South America', '5022', 'Venezuela'),
    (10553, 'WARTH', 2, '2017-05-30', '2017-06-27', '2017-06-03', 2, 149.49, 'Wartian Herkku', 'Torikatu 38', 'Oulu', 'Scandinavia', '90110', 'Finland'),
    (10554, 'OTTIK', 4, '2017-05-30', '2017-06-27', '2017-06-05', 3, 120.97, 'Ottilies Käseladen', 'Mehrheimerstr. 369', 'Köln', 'Western Europe', '50739', 'Germany'),
    (10555, 'SAVEA', 6, '2017-06-02', '2017-06-30', '2017-06-04', 3, 252.49, 'Save-a-lot Markets', '187 Suffolk Ln.', 'Boise', 'North America', '83720', 'USA'),
    (10556, 'SIMOB', 2, '2017-06-03', '2017-07-15', '2017-06-13', 1, 9.8, 'Simons bistro', 'Vinbæltet 34', 'Kobenhavn', 'Northern Europe', '1734', 'Denmark'),
    (10557, 'LEHMS', 9, '2017-06-03', '2017-06-17', '2017-06-06', 2, 96.72, 'Lehmanns Marktstand', 'Magazinweg 7', 'Frankfurt a.M.', 'Western Europe', '60528', 'Germany'),
    (10558, 'AROUT', 1, '2017-06-04', '2017-07-02', '2017-06-10', 2, 72.97, 'Around the Horn', 'Brook Farm Stratford St. Mary', 'Colchester', 'British Isles', 'CO7 6JX', 'UK'),
    (10559, 'BLONP', 6, '2017-06-05', '2017-07-03', '2017-06-13', 1, 8.05, 'Blondel père et fils', '24, place Kléber', 'Strasbourg', 'Western Europe', '67000', 'France'),
    (10560, 'FRANK', 8, '2017-06-06', '2017-07-04', '2017-06-09', 1, 36.65, 'Frankenversand', 'Berliner Platz 43', 'München', 'Western Europe', '80805', 'Germany'),
    (10561, 'FOLKO', 2, '2017-06-06', '2017-07-04', '2017-06-09', 2, 242.21, 'Folk och fä HB', 'Åkergatan 24', 'Bräcke', 'Northern Europe', 'S-844 67', 'Sweden'),
    (10562, 'REGGC', 1, '2017-06-09', '2017-07-07', '2017-06-12', 1, 22.95, 'Reggiani Caseifici', 'Strada Provinciale 124', 'Reggio Emilia', 'Southern Europe', '42100', 'Italy'),
    (10563, 'RICAR', 2, '2017-06-10', '2017-07-22', '2017-06-24', 2, 60.43, 'Ricardo Adocicados', 'Av. Copacabana, 267', 'Rio de Janeiro', 'South America', '02389-890', 'Brazil'),
    (10564, 'RATTC', 4, '2017-06-10', '2017-07-08', '2017-06-16', 3, 13.75, 'Rattlesnake Canyon Grocery', '2817 Milton Dr.', 'Albuquerque', 'North America', '87110', 'USA'),
    (10565, 'MEREP', 8, '2017-06-11', '2017-07-09', '2017-06-18', 2, 7.15, 'Mère Paillarde', '43 rue St. Laurent', 'Montréal', 'North America', 'H1J 1C3', 'Canada'),
    (10566, 'BLONP', 9, '2017-06-12', '2017-07-10', '2017-06-18', 1, 88.4, 'Blondel père et fils', '24, place Kléber', 'Strasbourg', 'Western Europe', '67000', 'France'),
    (10567, 'HUNGO', 1, '2017-06-12', '2017-07-10', '2017-06-17', 1, 33.97, 'Hungry Owl All-Night Grocers', '8 Johnstown Road', 'Cork', 'British Isles', NULL, 'Ireland'),
    (10568, 'GALED', 3, '2017-06-13', '2017-07-11', '2017-07-09', 3, 6.54, 'Galería del gastronómo', 'Rambla de Cataluña, 23', 'Barcelona', 'Southern Europe', '8022', 'Spain'),
    (10569, 'RATTC', 5, '2017-06-16', '2017-07-14', '2017-07-11', 1, 58.98, 'Rattlesnake Canyon Grocery', '2817 Milton Dr.', 'Albuquerque', 'North America', '87110', 'USA'),
    (10570, 'MEREP', 3, '2017-06-17', '2017-07-15', '2017-06-19', 3, 188.99, 'Mère Paillarde', '43 rue St. Laurent', 'Montréal', 'North America', 'H1J 1C3', 'Canada'),
    (10571, 'ERNSH', 8, '2017-06-17', '2017-07-29', '2017-07-04', 3, 26.06, 'Ernst Handel', 'Kirchgasse 6', 'Graz', 'Western Europe', '8010', 'Austria'),
    (10572, 'BERGS', 3, '2017-06-18', '2017-07-16', '2017-06-25', 2, 116.43, 'Berglunds snabbköp', 'Berguvsvägen 8', 'Luleå', 'Northern Europe', 'S-958 22', 'Sweden'),
    (10573, 'ANTON', 7, '2017-06-19', '2017-07-17', '2017-06-20', 3, 84.84, 'Antonio Moreno Taquería', 'Mataderos 2312', 'México D.F.', 'Central America', '5023', 'Mexico'),
    (10574, 'TRAIH', 4, '2017-06-19', '2017-07-17', '2017-06-30', 2, 37.6, 'Trail-s Head Gourmet Provisioners', '722 DaVinci Blvd.', 'Kirkland', 'North America', '98034', 'USA'),
    (10575, 'MORGK', 5, '2017-06-20', '2017-07-04', '2017-06-30', 1, 127.34, 'Morgenstern Gesundkost', 'Heerstr. 22', 'Leipzig', 'Western Europe', '4179', 'Germany'),
    (10576, 'TORTU', 3, '2017-06-23', '2017-07-07', '2017-06-30', 3, 18.56, 'Tortuga Restaurante', 'Avda. Azteca 123', 'México D.F.', 'Central America', '5033', 'Mexico'),
    (10577, 'TRAIH', 9, '2017-06-23', '2017-08-04', '2017-06-30', 2, 25.41, 'Trail-s Head Gourmet Provisioners', '722 DaVinci Blvd.', 'Kirkland', 'North America', '98034', 'USA'),
    (10578, 'BSBEV', 4, '2017-06-24', '2017-07-22', '2017-07-25', 3, 29.6, 'B-s Beverages', 'Fauntleroy Circus', 'London', 'British Isles', 'EC2 5NT', 'UK'),
    (10579, 'LETSS', 1, '2017-06-25', '2017-07-23', '2017-07-04', 2, 13.73, 'Let-s Stop N Shop', '87 Polk St. Suite 5', 'San Francisco', 'North America', '94117', 'USA'),
    (10580, 'OTTIK', 4, '2017-06-26', '2017-07-24', '2017-07-01', 3, 75.89, 'Ottilies Käseladen', 'Mehrheimerstr. 369', 'Köln', 'Western Europe', '50739', 'Germany'),
    (10581, 'FAMIA', 3, '2017-06-26', '2017-07-24', '2017-07-02', 1, 3.01, 'Familia Arquibaldo', 'Rua Orós, 92', 'Sao Paulo', 'South America', '05442-030', 'Brazil'),
    (10582, 'BLAUS', 3, '2017-06-27', '2017-07-25', '2017-07-14', 2, 27.71, 'Blauer See Delikatessen', 'Forsterstr. 57', 'Mannheim', 'Western Europe', '68306', 'Germany'),
    (10583, 'WARTH', 2, '2017-06-30', '2017-07-28', '2017-07-04', 2, 7.28, 'Wartian Herkku', 'Torikatu 38', 'Oulu', 'Scandinavia', '90110', 'Finland'),
    (10584, 'BLONP', 4, '2017-06-30', '2017-07-28', '2017-07-04', 1, 59.14, 'Blondel père et fils', '24, place Kléber', 'Strasbourg', 'Western Europe', '67000', 'France'),
    (10585, 'WELLI', 7, '2017-07-01', '2017-07-29', '2017-07-10', 1, 13.41, 'Wellington Importadora', 'Rua do Mercado, 12', 'Resende', 'South America', '08737-363', 'Brazil'),
    (10586, 'REGGC', 9, '2017-07-02', '2017-07-30', '2017-07-09', 1, 0.48, 'Reggiani Caseifici', 'Strada Provinciale 124', 'Reggio Emilia', 'Southern Europe', '42100', 'Italy'),
    (10587, 'QUEDE', 1, '2017-07-02', '2017-07-30', '2017-07-09', 1, 62.52, 'Que Delícia', 'Rua da Panificadora, 12', 'Rio de Janeiro', 'South America', '02389-673', 'Brazil'),
    (10588, 'QUICK', 2, '2017-07-03', '2017-07-31', '2017-07-10', 3, 194.67, 'QUICK-Stop', 'Taucherstraße 10', 'Cunewalde', 'Western Europe', '1307', 'Germany'),
    (10589, 'GREAL', 8, '2017-07-04', '2017-08-01', '2017-07-14', 2, 4.42, 'Great Lakes Food Market', '2732 Baker Blvd.', 'Eugene', 'North America', '97403', 'USA'),
    (10590, 'MEREP', 4, '2017-07-07', '2017-08-04', '2017-07-14', 3, 44.77, 'Mère Paillarde', '43 rue St. Laurent', 'Montréal', 'North America', 'H1J 1C3', 'Canada'),
    (10591, 'VAFFE', 1, '2017-07-07', '2017-07-21', '2017-07-16', 1, 55.92, 'Vaffeljernet', 'Smagsloget 45', 'Århus', 'Northern Europe', '8200', 'Denmark'),
    (10592, 'LEHMS', 3, '2017-07-08', '2017-08-05', '2017-07-16', 1, 32.1, 'Lehmanns Marktstand', 'Magazinweg 7', 'Frankfurt a.M.', 'Western Europe', '60528', 'Germany'),
    (10593, 'LEHMS', 7, '2017-07-09', '2017-08-06', '2017-08-13', 2, 174.2, 'Lehmanns Marktstand', 'Magazinweg 7', 'Frankfurt a.M.', 'Western Europe', '60528', 'Germany'),
    (10594, 'OLDWO', 3, '2017-07-09', '2017-08-06', '2017-07-16', 2, 5.24, 'Old World Delicatessen', '2743 Bering St.', 'Anchorage', 'North America', '99508', 'USA'),
    (10595, 'ERNSH', 2, '2017-07-10', '2017-08-07', '2017-07-14', 1, 96.78, 'Ernst Handel', 'Kirchgasse 6', 'Graz', 'Western Europe', '8010', 'Austria'),
    (10596, 'WHITC', 8, '2017-07-11', '2017-08-08', '2017-08-12', 1, 16.34, 'White Clover Markets', '1029 - 12th Ave. S.', 'Seattle', 'North America', '98124', 'USA'),
    (10597, 'PICCO', 7, '2017-07-11', '2017-08-08', '2017-07-18', 3, 35.12, 'Piccolo und mehr', 'Geislweg 14', 'Salzburg', 'Western Europe', '5020', 'Austria'),
    (10598, 'RATTC', 1, '2017-07-14', '2017-08-11', '2017-07-18', 3, 44.42, 'Rattlesnake Canyon Grocery', '2817 Milton Dr.', 'Albuquerque', 'North America', '87110', 'USA'),
    (10599, 'BSBEV', 6, '2017-07-15', '2017-08-26', '2017-07-21', 3, 29.98, 'B-s Beverages', 'Fauntleroy Circus', 'London', 'British Isles', 'EC2 5NT', 'UK'),
    (10600, 'HUNGC', 4, '2017-07-16', '2017-08-13', '2017-07-21', 1, 45.13, 'Hungry Coyote Import Store', 'City Center Plaza 516 Main St.', 'Elgin', 'North America', '97827', 'USA'),
    (10601, 'HILAA', 7, '2017-07-16', '2017-08-27', '2017-07-22', 1, 58.3, 'HILARION-Abastos', 'Carrera 22 con Ave. Carlos Soublette #8-35', 'San Cristóbal', 'South America', '5022', 'Venezuela'),
    (10602, 'VAFFE', 8, '2017-07-17', '2017-08-14', '2017-07-22', 2, 2.92, 'Vaffeljernet', 'Smagsloget 45', 'Århus', 'Northern Europe', '8200', 'Denmark'),
    (10603, 'SAVEA', 8, '2017-07-18', '2017-08-15', '2017-08-08', 2, 48.77, 'Save-a-lot Markets', '187 Suffolk Ln.', 'Boise', 'North America', '83720', 'USA'),
    (10604, 'FURIB', 1, '2017-07-18', '2017-08-15', '2017-07-29', 1, 7.46, 'Furia Bacalhau e Frutos do Mar', 'Jardim das rosas n. 32', 'Lisboa', 'Southern Europe', '1675', 'Portugal'),
    (10605, 'MEREP', 1, '2017-07-21', '2017-08-18', '2017-07-29', 2, 379.13, 'Mère Paillarde', '43 rue St. Laurent', 'Montréal', 'North America', 'H1J 1C3', 'Canada'),
    (10606, 'TRADH', 4, '2017-07-22', '2017-08-19', '2017-07-31', 3, 79.4, 'Tradiçao Hipermercados', 'Av. Inês de Castro, 414', 'Sao Paulo', 'South America', '05634-030', 'Brazil'),
    (10607, 'SAVEA', 5, '2017-07-22', '2017-08-19', '2017-07-25', 1, 200.24, 'Save-a-lot Markets', '187 Suffolk Ln.', 'Boise', 'North America', '83720', 'USA'),
    (10608, 'TOMSP', 4, '2017-07-23', '2017-08-20', '2017-08-01', 2, 27.79, 'Toms Spezialitäten', 'Luisenstr. 48', 'Münster', 'Western Europe', '44087', 'Germany'),
    (10609, 'DUMON', 7, '2017-07-24', '2017-08-21', '2017-07-30', 2, 1.85, 'Du monde entier', '67, rue des Cinquante Otages', 'Nantes', 'Western Europe', '44000', 'France'),
    (10610, 'LAMAI', 8, '2017-07-25', '2017-08-22', '2017-08-06', 1, 26.78, 'La maison d-Asie', '1 rue Alsace-Lorraine', 'Toulouse', 'Western Europe', '31000', 'France'),
    (10611, 'WOLZA', 6, '2017-07-25', '2017-08-22', '2017-08-01', 2, 80.65, 'Wolski Zajazd', 'ul. Filtrowa 68', 'Warszawa', 'Eastern Europe', '01-012', 'Poland'),
    (10612, 'SAVEA', 1, '2017-07-28', '2017-08-25', '2017-08-01', 2, 544.08, 'Save-a-lot Markets', '187 Suffolk Ln.', 'Boise', 'North America', '83720', 'USA'),
    (10613, 'HILAA', 4, '2017-07-29', '2017-08-26', '2017-08-01', 2, 8.11, 'HILARION-Abastos', 'Carrera 22 con Ave. Carlos Soublette #8-35', 'San Cristóbal', 'South America', '5022', 'Venezuela'),
    (10614, 'BLAUS', 8, '2017-07-29', '2017-08-26', '2017-08-01', 3, 1.93, 'Blauer See Delikatessen', 'Forsterstr. 57', 'Mannheim', 'Western Europe', '68306', 'Germany'),
    (10615, 'WILMK', 2, '2017-07-30', '2017-08-27', '2017-08-06', 3, 0.75, 'Wilman Kala', 'Keskuskatu 45', 'Helsinki', 'Scandinavia', '21240', 'Finland'),
    (10616, 'GREAL', 1, '2017-07-31', '2017-08-28', '2017-08-05', 2, 116.53, 'Great Lakes Food Market', '2732 Baker Blvd.', 'Eugene', 'North America', '97403', 'USA'),
    (10617, 'GREAL', 4, '2017-07-31', '2017-08-28', '2017-08-04', 2, 18.53, 'Great Lakes Food Market', '2732 Baker Blvd.', 'Eugene', 'North America', '97403', 'USA'),
    (10618, 'MEREP', 1, '2017-08-01', '2017-09-12', '2017-08-08', 1, 154.68, 'Mère Paillarde', '43 rue St. Laurent', 'Montréal', 'North America', 'H1J 1C3', 'Canada'),
    (10619, 'MEREP', 3, '2017-08-04', '2017-09-01', '2017-08-07', 3, 91.05, 'Mère Paillarde', '43 rue St. Laurent', 'Montréal', 'North America', 'H1J 1C3', 'Canada'),
    (10620, 'LAUGB', 2, '2017-08-05', '2017-09-02', '2017-08-14', 3, 0.94, 'Laughing Bacchus Wine Cellars', '2319 Elm St.', 'Vancouver', 'North America', 'V3F 2K1', 'Canada'),
    (10621, 'ISLAT', 4, '2017-08-05', '2017-09-02', '2017-08-11', 2, 23.73, 'Island Trading', 'Garden House Crowther Way', 'Cowes', 'British Isles', 'PO31 7PJ', 'UK'),
    (10622, 'RICAR', 4, '2017-08-06', '2017-09-03', '2017-08-11', 3, 50.97, 'Ricardo Adocicados', 'Av. Copacabana, 267', 'Rio de Janeiro', 'South America', '02389-890', 'Brazil'),
    (10623, 'FRANK', 8, '2017-08-07', '2017-09-04', '2017-08-12', 2, 97.18, 'Frankenversand', 'Berliner Platz 43', 'München', 'Western Europe', '80805', 'Germany'),
    (10624, 'THECR', 4, '2017-08-07', '2017-09-04', '2017-08-19', 2, 94.8, 'The Cracker Box', '55 Grizzly Peak Rd.', 'Butte', 'North America', '59801', 'USA'),
    (10625, 'ANATR', 3, '2017-08-08', '2017-09-05', '2017-08-14', 1, 43.9, 'Ana Trujillo Emparedados y helados', 'Avda. de la Constitución 2222', 'México D.F.', 'Central America', '5021', 'Mexico'),
    (10626, 'BERGS', 1, '2017-08-11', '2017-09-08', '2017-08-20', 2, 138.69, 'Berglunds snabbköp', 'Berguvsvägen  8', 'Luleå', 'Northern Europe', 'S-958 22', 'Sweden'),
    (10627, 'SAVEA', 8, '2017-08-11', '2017-09-22', '2017-08-21', 3, 107.46, 'Save-a-lot Markets', '187 Suffolk Ln.', 'Boise', 'North America', '83720', 'USA'),
    (10628, 'BLONP', 4, '2017-08-12', '2017-09-09', '2017-08-20', 3, 30.36, 'Blondel père et fils', '24, place Kléber', 'Strasbourg', 'Western Europe', '67000', 'France'),
    (10629, 'GODOS', 4, '2017-08-12', '2017-09-09', '2017-08-20', 3, 85.46, 'Godos Cocina Típica', 'C/ Romero, 33', 'Sevilla', 'Southern Europe', '41101', 'Spain'),
    (10630, 'KOENE', 1, '2017-08-13', '2017-09-10', '2017-08-19', 2, 32.35, 'Königlich Essen', 'Maubelstr. 90', 'Brandenburg', 'Western Europe', '14776', 'Germany'),
    (10631, 'LAMAI', 8, '2017-08-14', '2017-09-11', '2017-08-15', 1, 0.87, 'La maison d-Asie', '1 rue Alsace-Lorraine', 'Toulouse', 'Western Europe', '31000', 'France'),
    (10632, 'WANDK', 8, '2017-08-14', '2017-09-11', '2017-08-19', 1, 41.38, 'Die Wandernde Kuh', 'Adenauerallee 900', 'Stuttgart', 'Western Europe', '70563', 'Germany'),
    (10633, 'ERNSH', 7, '2017-08-15', '2017-09-12', '2017-08-18', 3, 477.9, 'Ernst Handel', 'Kirchgasse 6', 'Graz', 'Western Europe', '8010', 'Austria'),
    (10634, 'FOLIG', 4, '2017-08-15', '2017-09-12', '2017-08-21', 3, 487.38, 'Folies gourmandes', '184, chaussée de Tournai', 'Lille', 'Western Europe', '59000', 'France'),
    (10635, 'MAGAA', 8, '2017-08-18', '2017-09-15', '2017-08-21', 3, 47.46, 'Magazzini Alimentari Riuniti', 'Via Ludovico il Moro 22', 'Bergamo', 'Southern Europe', '24100', 'Italy'),
    (10636, 'WARTH', 4, '2017-08-19', '2017-09-16', '2017-08-26', 1, 1.15, 'Wartian Herkku', 'Torikatu 38', 'Oulu', 'Scandinavia', '90110', 'Finland'),
    (10637, 'QUEEN', 6, '2017-08-19', '2017-09-16', '2017-08-26', 1, 201.29, 'Queen Cozinha', 'Alameda dos Canàrios, 891', 'Sao Paulo', 'South America', '05487-020', 'Brazil'),
    (10638, 'LINOD', 3, '2017-08-20', '2017-09-17', '2017-09-01', 1, 158.44, 'LINO-Delicateses', 'Ave. 5 de Mayo Porlamar', 'I. de Margarita', 'South America', '4980', 'Venezuela'),
    (10639, 'SANTG', 7, '2017-08-20', '2017-09-17', '2017-08-27', 3, 38.64, 'Santé Gourmet', 'Erling Skakkes gate 78', 'Stavern', 'Scandinavia', '4110', 'Norway'),
    (10640, 'WANDK', 4, '2017-08-21', '2017-09-18', '2017-08-28', 1, 23.55, 'Die Wandernde Kuh', 'Adenauerallee 900', 'Stuttgart', 'Western Europe', '70563', 'Germany'),
    (10641, 'HILAA', 4, '2017-08-22', '2017-09-19', '2017-08-26', 2, 179.61, 'HILARION-Abastos', 'Carrera 22 con Ave. Carlos Soublette #8-35', 'San Cristóbal', 'South America', '5022', 'Venezuela'),
    (10642, 'SIMOB', 7, '2017-08-22', '2017-09-19', '2017-09-05', 3, 41.89, 'Simons bistro', 'Vinbæltet 34', 'Kobenhavn', 'Northern Europe', '1734', 'Denmark'),
    (10643, 'ALFKI', 6, '2017-08-25', '2017-09-22', '2017-09-02', 1, 29.46, 'Alfreds Futterkiste', 'Obere Str. 57', 'Berlin', 'Western Europe', '12209', 'Germany'),
    (10644, 'WELLI', 3, '2017-08-25', '2017-09-22', '2017-09-01', 2, 0.14, 'Wellington Importadora', 'Rua do Mercado, 12', 'Resende', 'South America', '08737-363', 'Brazil'),
    (10645, 'HANAR', 4, '2017-08-26', '2017-09-23', '2017-09-02', 1, 12.41, 'Hanari Carnes', 'Rua do Paço, 67', 'Rio de Janeiro', 'South America', '05454-876', 'Brazil'),
    (10646, 'HUNGO', 9, '2017-08-27', '2017-10-08', '2017-09-03', 3, 142.33, 'Hungry Owl All-Night Grocers', '8 Johnstown Road', 'Cork', 'British Isles', NULL, 'Ireland'),
    (10647, 'QUEDE', 4, '2017-08-27', '2017-09-10', '2017-09-03', 2, 45.54, 'Que Delícia', 'Rua da Panificadora, 12', 'Rio de Janeiro', 'South America', '02389-673', 'Brazil'),
    (10648, 'RICAR', 5, '2017-08-28', '2017-10-09', '2017-09-09', 2, 14.25, 'Ricardo Adocicados', 'Av. Copacabana, 267', 'Rio de Janeiro', 'South America', '02389-890', 'Brazil'),
    (10649, 'MAISD', 5, '2017-08-28', '2017-09-25', '2017-08-29', 3, 6.2, 'Maison Dewey', 'Rue Joseph-Bens 532', 'Bruxelles', 'Western Europe', 'B-1180', 'Belgium'),
    (10650, 'FAMIA', 5, '2017-08-29', '2017-09-26', '2017-09-03', 3, 176.81, 'Familia Arquibaldo', 'Rua Orós, 92', 'Sao Paulo', 'South America', '05442-030', 'Brazil'),
    (10651, 'WANDK', 8, '2017-09-01', '2017-09-29', '2017-09-11', 2, 20.6, 'Die Wandernde Kuh', 'Adenauerallee 900', 'Stuttgart', 'Western Europe', '70563', 'Germany'),
    (10652, 'GOURL', 4, '2017-09-01', '2017-09-29', '2017-09-08', 2, 7.14, 'Gourmet Lanchonetes', 'Av. Brasil, 442', 'Campinas', 'South America', '04876-786', 'Brazil'),
    (10653, 'FRANK', 1, '2017-09-02', '2017-09-30', '2017-09-19', 1, 93.25, 'Frankenversand', 'Berliner Platz 43', 'München', 'Western Europe', '80805', 'Germany'),
    (10654, 'BERGS', 5, '2017-09-02', '2017-09-30', '2017-09-11', 1, 55.26, 'Berglunds snabbköp', 'Berguvsvägen 8', 'Luleå', 'Northern Europe', 'S-958 22', 'Sweden'),
    (10655, 'REGGC', 1, '2017-09-03', '2017-10-01', '2017-09-11', 2, 4.41, 'Reggiani Caseifici', 'Strada Provinciale 124', 'Reggio Emilia', 'Southern Europe', '42100', 'Italy'),
    (10656, 'GREAL', 6, '2017-09-04', '2017-10-02', '2017-09-10', 1, 57.15, 'Great Lakes Food Market', '2732 Baker Blvd.', 'Eugene', 'North America', '97403', 'USA'),
    (10657, 'SAVEA', 2, '2017-09-04', '2017-10-02', '2017-09-15', 2, 352.69, 'Save-a-lot Markets', '187 Suffolk Ln.', 'Boise', 'North America', '83720', 'USA'),
    (10658, 'QUICK', 4, '2017-09-05', '2017-10-03', '2017-09-08', 1, 364.15, 'QUICK-Stop', 'Taucherstraße 10', 'Cunewalde', 'Western Europe', '1307', 'Germany'),
    (10659, 'QUEEN', 7, '2017-09-05', '2017-10-03', '2017-09-10', 2, 105.81, 'Queen Cozinha', 'Alameda dos Canàrios, 891', 'Sao Paulo', 'South America', '05487-020', 'Brazil'),
    (10660, 'HUNGC', 8, '2017-09-08', '2017-10-06', '2017-10-15', 1, 111.29, 'Hungry Coyote Import Store', 'City Center Plaza 516 Main St.', 'Elgin', 'North America', '97827', 'USA'),
    (10661, 'HUNGO', 7, '2017-09-09', '2017-10-07', '2017-09-15', 3, 17.55, 'Hungry Owl All-Night Grocers', '8 Johnstown Road', 'Cork', 'British Isles', NULL, 'Ireland'),
    (10662, 'LONEP', 3, '2017-09-09', '2017-10-07', '2017-09-18', 2, 1.28, 'Lonesome Pine Restaurant', '89 Chiaroscuro Rd.', 'Portland', 'North America', '97219', 'USA'),
    (10663, 'BONAP', 2, '2017-09-10', '2017-09-24', '2017-10-03', 2, 113.15, 'Bon app-', '12, rue des Bouchers', 'Marseille', 'Western Europe', '13008', 'France'),
    (10664, 'FURIB', 1, '2017-09-10', '2017-10-08', '2017-09-19', 3, 1.27, 'Furia Bacalhau e Frutos do Mar', 'Jardim das rosas n. 32', 'Lisboa', 'Southern Europe', '1675', 'Portugal'),
    (10665, 'LONEP', 1, '2017-09-11', '2017-10-09', '2017-09-17', 2, 26.31, 'Lonesome Pine Restaurant', '89 Chiaroscuro Rd.', 'Portland', 'North America', '97219', 'USA'),
    (10666, 'RICSU', 7, '2017-09-12', '2017-10-10', '2017-09-22', 2, 232.42, 'Richter Supermarkt', 'Starenweg 5', 'Genève', 'Western Europe', '1204', 'Switzerland'),
    (10667, 'ERNSH', 7, '2017-09-12', '2017-10-10', '2017-09-19', 1, 78.09, 'Ernst Handel', 'Kirchgasse 6', 'Graz', 'Western Europe', '8010', 'Austria'),
    (10668, 'WANDK', 1, '2017-09-15', '2017-10-13', '2017-09-23', 2, 47.22, 'Die Wandernde Kuh', 'Adenauerallee 900', 'Stuttgart', 'Western Europe', '70563', 'Germany'),
    (10669, 'SIMOB', 2, '2017-09-15', '2017-10-13', '2017-09-22', 1, 24.39, 'Simons bistro', 'Vinbæltet 34', 'Kobenhavn', 'Northern Europe', '1734', 'Denmark'),
    (10670, 'FRANK', 4, '2017-09-16', '2017-10-14', '2017-09-18', 1, 203.48, 'Frankenversand', 'Berliner Platz 43', 'München', 'Western Europe', '80805', 'Germany'),
    (10671, 'FRANR', 1, '2017-09-17', '2017-10-15', '2017-09-24', 1, 30.34, 'France restauration', '54, rue Royale', 'Nantes', 'Western Europe', '44000', 'France'),
    (10672, 'BERGS', 9, '2017-09-17', '2017-10-01', '2017-09-26', 2, 95.75, 'Berglunds snabbköp', 'Berguvsvägen 8', 'Luleå', 'Northern Europe', 'S-958 22', 'Sweden'),
    (10673, 'WILMK', 2, '2017-09-18', '2017-10-16', '2017-09-19', 1, 22.76, 'Wilman Kala', 'Keskuskatu 45', 'Helsinki', 'Scandinavia', '21240', 'Finland'),
    (10674, 'ISLAT', 4, '2017-09-18', '2017-10-16', '2017-09-30', 2, 0.9, 'Island Trading', 'Garden House Crowther Way', 'Cowes', 'British Isles', 'PO31 7PJ', 'UK'),
    (10675, 'FRANK', 5, '2017-09-19', '2017-10-17', '2017-09-23', 2, 31.85, 'Frankenversand', 'Berliner Platz 43', 'München', 'Western Europe', '80805', 'Germany'),
    (10676, 'TORTU', 2, '2017-09-22', '2017-10-20', '2017-09-29', 2, 2.01, 'Tortuga Restaurante', 'Avda. Azteca 123', 'México D.F.', 'Central America', '5033', 'Mexico'),
    (10677, 'ANTON', 1, '2017-09-22', '2017-10-20', '2017-09-26', 3, 4.03, 'Antonio Moreno Taquería', 'Mataderos 2312', 'México D.F.', 'Central America', '5023', 'Mexico'),
    (10678, 'SAVEA', 7, '2017-09-23', '2017-10-21', '2017-10-16', 3, 388.98, 'Save-a-lot Markets', '187 Suffolk Ln.', 'Boise', 'North America', '83720', 'USA'),
    (10679, 'BLONP', 8, '2017-09-23', '2017-10-21', '2017-09-30', 3, 27.94, 'Blondel père et fils', '24, place Kléber', 'Strasbourg', 'Western Europe', '67000', 'France'),
    (10680, 'OLDWO', 1, '2017-09-24', '2017-10-22', '2017-09-26', 1, 26.61, 'Old World Delicatessen', '2743 Bering St.', 'Anchorage', 'North America', '99508', 'USA'),
    (10681, 'GREAL', 3, '2017-09-25', '2017-10-23', '2017-09-30', 3, 76.13, 'Great Lakes Food Market', '2732 Baker Blvd.', 'Eugene', 'North America', '97403', 'USA'),
    (10682, 'ANTON', 3, '2017-09-25', '2017-10-23', '2017-10-01', 2, 36.13, 'Antonio Moreno Taquería', 'Mataderos 2312', 'México D.F.', 'Central America', '5023', 'Mexico'),
    (10683, 'DUMON', 2, '2017-09-26', '2017-10-24', '2017-10-01', 1, 4.4, 'Du monde entier', '67, rue des Cinquante Otages', 'Nantes', 'Western Europe', '44000', 'France'),
    (10684, 'OTTIK', 3, '2017-09-26', '2017-10-24', '2017-09-30', 1, 145.63, 'Ottilies Käseladen', 'Mehrheimerstr. 369', 'Köln', 'Western Europe', '50739', 'Germany'),
    (10685, 'GOURL', 4, '2017-09-29', '2017-10-13', '2017-10-03', 2, 33.75, 'Gourmet Lanchonetes', 'Av. Brasil, 442', 'Campinas', 'South America', '04876-786', 'Brazil'),
    (10686, 'PICCO', 2, '2017-09-30', '2017-10-28', '2017-10-08', 1, 96.5, 'Piccolo und mehr', 'Geislweg 14', 'Salzburg', 'Western Europe', '5020', 'Austria'),
    (10687, 'HUNGO', 9, '2017-09-30', '2017-10-28', '2017-10-30', 2, 296.43, 'Hungry Owl All-Night Grocers', '8 Johnstown Road', 'Cork', 'British Isles', NULL, 'Ireland'),
    (10688, 'VAFFE', 4, '2017-10-01', '2017-10-15', '2017-10-07', 2, 299.09, 'Vaffeljernet', 'Smagsloget 45', 'Århus', 'Northern Europe', '8200', 'Denmark'),
    (10689, 'BERGS', 1, '2017-10-01', '2017-10-29', '2017-10-07', 2, 13.42, 'Berglunds snabbköp', 'Berguvsvägen 8', 'Luleå', 'Northern Europe', 'S-958 22', 'Sweden'),
    (10690, 'HANAR', 1, '2017-10-02', '2017-10-30', '2017-10-03', 1, 15.8, 'Hanari Carnes', 'Rua do Paço, 67', 'Rio de Janeiro', 'South America', '05454-876', 'Brazil'),
    (10691, 'QUICK', 2, '2017-10-03', '2017-11-14', '2017-10-22', 2, 810.05, 'QUICK-Stop', 'Taucherstraße 10', 'Cunewalde', 'Western Europe', 1307, 'Germany'),
    (10692, 'ALFKI', 4, '2017-10-03', '2017-10-31', '2017-10-13', 2, 61.02, 'Alfred-s Futterkiste', 'Obere Str. 57', 'Berlin', 'Western Europe', 12209, 'Germany'),
    (10693, 'WHITC', 3, '2017-10-06', '2017-10-20', '2017-10-10', 3, 139.34, 'White Clover Markets', '1029 - 12th Ave. S.', 'Seattle', 'North America', 98124, 'USA'),
    (10694, 'QUICK', 8, '2017-10-06', '2017-11-03', '2017-10-09', 3, 398.36, 'QUICK-Stop', 'Taucherstraße 10', 'Cunewalde', 'Western Europe', 1307, 'Germany'),
    (10695, 'WILMK', 7, '2017-10-07', '2017-11-18', '2017-10-14', 1, 16.72, 'Wilman Kala', 'Keskuskatu 45', 'Helsinki', 'Scandinavia', 21240, 'Finland'),
    (10696, 'WHITC', 8, '2017-10-08', '2017-11-19', '2017-10-14', 3, 102.55, 'White Clover Markets', '1029 - 12th Ave. S.', 'Seattle', 'North America', 98124, 'USA'),
    (10697, 'LINOD', 3, '2017-10-08', '2017-11-05', '2017-10-14', 1, 45.52, 'LINO-Delicateses', 'Ave. 5 de Mayo Porlamar', 'I. de Margarita', 'South America', 4980, 'Venezuela'),
    (10698, 'ERNSH', 4, '2017-10-09', '2017-11-06', '2017-10-17', 1, 272.47, 'Ernst Handel', 'Kirchgasse 6', 'Graz', 'Western Europe', 8010, 'Austria'),
    (10699, 'MORGK', 3, '2017-10-09', '2017-11-06', '2017-10-13', 3, 0.58, 'Morgenstern Gesundkost', 'Heerstr. 22', 'Leipzig', 'Western Europe', 4179, 'Germany'),
    (10700, 'SAVEA', 3, '2017-10-10', '2017-11-07', '2017-10-16', 1, 65.1, 'Save-a-lot Markets', '187 Suffolk Ln.', 'Boise', 'North America', 83720, 'USA'),
    (10701, 'HUNGO', 6, '2017-10-13', '2017-10-27', '2017-10-15', 3, 220.31, 'Hungry Owl All-Night Grocers', '8 Johnstown Road', 'Cork', 'British Isles', NULL, 'Ireland'),
    (10702, 'ALFKI', 4, '2017-10-13', '2017-11-24', '2017-10-21', 1, 23.94, 'Alfred-s Futterkiste', 'Obere Str. 57', 'Berlin', 'Western Europe', 12209, 'Germany'),
    (10703, 'FOLKO', 6, '2017-10-14', '2017-11-11', '2017-10-20', 2, 152.3, 'Folk och fä HB', 'Åkergatan 24', 'Bräcke', 'Northern Europe', 'S-844 67', 'Sweden'),
    (10704, 'QUEEN', 6, '2017-10-14', '2017-11-11', '2017-11-07', 1, 4.78, 'Queen Cozinha', 'Alameda dos Canàrios, 891', 'Sao Paulo', 'South America', '05487-020', 'Brazil'),
    (10705, 'HILAA', 9, '2017-10-15', '2017-11-12', '2017-11-18', 2, 3.52, 'HILARION-Abastos', 'Carrera 22 con Ave. Carlos Soublette #8-35', 'San Cristóbal', 'South America', 5022, 'Venezuela'),
    (10706, 'OLDWO', 8, '2017-10-16', '2017-11-13', '2017-10-21', 3, 135.63, 'Old World Delicatessen', '2743 Bering St.', 'Anchorage', 'North America', 99508, 'USA'),
    (10707, 'AROUT', 4, '2017-10-16', '2017-10-30', '2017-10-23', 3, 21.74, 'Around the Horn', 'Brook Farm Stratford St. Mary', 'Colchester', 'British Isles', 'CO7 6JX', 'UK'),
    (10708, 'THEBI', 6, '2017-10-17', '2017-11-28', '2017-11-05', 2, 2.96, 'The Big Cheese', '89 Jefferson Way Suite 2', 'Portland', 'North America', 97201, 'USA'),
    (10709, 'GOURL', 1, '2017-10-17', '2017-11-14', '2017-11-20', 3, 210.8, 'Gourmet Lanchonetes', 'Av. Brasil, 442', 'Campinas', 'South America', '04876-786', 'Brazil'),
    (10710, 'FRANS', 1, '2017-10-20', '2017-11-17', '2017-10-23', 1, 4.98, 'Franchi S.p.A.', 'Via Monte Bianco 34', 'Torino', 'Southern Europe', 10100, 'Italy'),
    (10711, 'SAVEA', 5, '2017-10-21', '2017-12-02', '2017-10-29', 2, 52.41, 'Save-a-lot Markets', '187 Suffolk Ln.', 'Boise', 'North America', 83720, 'USA'),
    (10712, 'HUNGO', 3, '2017-10-21', '2017-11-18', '2017-10-31', 1, 89.93, 'Hungry Owl All-Night Grocers', '8 Johnstown Road', 'Cork', 'British Isles', NULL, 'Ireland'),
    (10713, 'SAVEA', 1, '2017-10-22', '2017-11-19', '2017-10-24', 1, 167.05, 'Save-a-lot Markets', '187 Suffolk Ln.', 'Boise', 'North America', 83720, 'USA'),
    (10714, 'SAVEA', 5, '2017-10-22', '2017-11-19', '2017-10-27', 3, 24.49, 'Save-a-lot Markets', '187 Suffolk Ln.', 'Boise', 'North America', 83720, 'USA'),
    (10715, 'BONAP', 3, '2017-10-23', '2017-11-06', '2017-10-29', 1, 63.2, 'Bon app-', '12, rue des Bouchers', 'Marseille', 'Western Europe', 13008, 'France'),
    (10716, 'RANCH', 4, '2017-10-24', '2017-11-21', '2017-10-27', 2, 22.57, 'Rancho grande', 'Av. del Libertador 900', 'Buenos Aires', 'South America', 1010, 'Argentina'),
    (10717, 'FRANK', 1, '2017-10-24', '2017-11-21', '2017-10-29', 2, 59.25, 'Frankenversand', 'Berliner Platz 43', 'München', 'Western Europe', 80805, 'Germany'),
    (10718, 'KOENE', 1, '2017-10-27', '2017-11-24', '2017-10-29', 3, 170.88, 'Königlich Essen', 'Maubelstr. 90', 'Brandenburg', 'Western Europe', 14776, 'Germany'),
    (10719, 'LETSS', 8, '2017-10-27', '2017-11-24', '2017-11-05', 2, 51.44, 'Let-s Stop N Shop', '87 Polk St. Suite 5', 'San Francisco', 'North America', 94117, 'USA'),
    (10720, 'QUEDE', 8, '2017-10-28', '2017-11-11', '2017-11-05', 2, 9.53, 'Que Delícia', 'Rua da Panificadora, 12', 'Rio de Janeiro', 'South America', '02389-673', 'Brazil'),
    (10721, 'QUICK', 5, '2017-10-29', '2017-11-26', '2017-10-31', 3, 48.92, 'QUICK-Stop', 'Taucherstraße 10', 'Cunewalde', 'Western Europe', 1307, 'Germany'),
    (10722, 'SAVEA', 8, '2017-10-29', '2017-12-10', '2017-11-04', 1, 74.58, 'Save-a-lot Markets', '187 Suffolk Ln.', 'Boise', 'North America', 83720, 'USA'),
    (10723, 'WHITC', 3, '2017-10-30', '2017-11-27', '2017-11-25', 1, 21.72, 'White Clover Markets', '1029 - 12th Ave. S.', 'Seattle', 'North America', 98124, 'USA'),
    (10724, 'MEREP', 8, '2017-10-30', '2017-12-11', '2017-11-05', 2, 57.75, 'Mère Paillarde', '43 rue St. Laurent', 'Montréal', 'North America', 'H1J 1C3', 'Canada'),
    (10725, 'FAMIA', 4, '2017-10-31', '2017-11-28', '2017-11-05', 3, 10.83, 'Familia Arquibaldo', 'Rua Orós, 92', 'Sao Paulo', 'South America', '05442-030', 'Brazil'),
    (10726, 'EASTC', 4, '2017-11-03', '2017-11-17', '2017-12-05', 1, 16.56, 'Eastern Connection', '35 King George', 'London', 'British Isles', 'WX3 6FW', 'UK'),
    (10727, 'REGGC', 2, '2017-11-03', '2017-12-01', '2017-12-05', 1, 89.9, 'Reggiani Caseifici', 'Strada Provinciale 124', 'Reggio Emilia', 'Southern Europe', 42100, 'Italy'),
    (10728, 'QUEEN', 4, '2017-11-04', '2017-12-02', '2017-11-11', 2, 58.33, 'Queen Cozinha', 'Alameda dos Canàrios, 891', 'Sao Paulo', 'South America', '05487-020', 'Brazil'),
    (10729, 'LINOD', 8, '2017-11-04', '2017-12-16', '2017-11-14', 3, 141.06, 'LINO-Delicateses', 'Ave. 5 de Mayo Porlamar', 'I. de Margarita', 'South America', 4980, 'Venezuela'),
    (10730, 'BONAP', 5, '2017-11-05', '2017-12-03', '2017-11-14', 1, 20.12, 'Bon app-', '12, rue des Bouchers', 'Marseille', 'Western Europe', 13008, 'France'),
    (10731, 'CHOPS', 7, '2017-11-06', '2017-12-04', '2017-11-14', 1, 96.65, 'Chop-suey Chinese', 'Hauptstr. 31', 'Bern', 'Western Europe', 3012, 'Switzerland'),
    (10732, 'BONAP', 3, '2017-11-06', '2017-12-04', '2017-11-07', 1, 16.97, 'Bon app-', '12, rue des Bouchers', 'Marseille', 'Western Europe', 13008, 'France'),
    (10733, 'BERGS', 1, '2017-11-07', '2017-12-05', '2017-11-10', 3, 110.11, 'Berglunds snabbköp', 'Berguvsvägen  8', 'Luleå', 'Northern Europe', 'S-958 22', 'Sweden'),
    (10734, 'GOURL', 2, '2017-11-07', '2017-12-05', '2017-11-12', 3, 1.63, 'Gourmet Lanchonetes', 'Av. Brasil, 442', 'Campinas', 'South America', '04876-786', 'Brazil'),
    (10735, 'LETSS', 6, '2017-11-10', '2017-12-08', '2017-11-21', 2, 45.97, 'Let-s Stop N Shop', '87 Polk St. Suite 5', 'San Francisco', 'North America', 94117, 'USA'),
    (10736, 'HUNGO', 9, '2017-11-11', '2017-12-09', '2017-11-21', 2, 44.1, 'Hungry Owl All-Night Grocers', '8 Johnstown Road', 'Cork', 'British Isles', NULL, 'Ireland'),
    (10737, 'VINET', 2, '2017-11-11', '2017-12-09', '2017-11-18', 2, 7.79, 'Vins et alcools Chevalier', '59 rue de l-Abbaye', 'Reims', 'Western Europe', 51100, 'France'),
    (10738, 'SPECD', 2, '2017-11-12', '2017-12-10', '2017-11-18', 1, 2.91, 'Spécialités du monde', '25, rue Lauriston', 'Paris', 'Western Europe', 75016, 'France'),
    (10739, 'VINET', 3, '2017-11-12', '2017-12-10', '2017-11-17', 3, 11.08, 'Vins et alcools Chevalier', '59 rue de l-Abbaye', 'Reims', 'Western Europe', 51100, 'France'),
    (10740, 'WHITC', 4, '2017-11-13', '2017-12-11', '2017-11-25', 2, 81.88, 'White Clover Markets', '1029 - 12th Ave. S.', 'Seattle', 'North America', 98124, 'USA'),
    (10741, 'AROUT', 4, '2017-11-14', '2017-11-28', '2017-11-18', 3, 10.96, 'Around the Horn', 'Brook Farm Stratford St. Mary', 'Colchester', 'British Isles', 'CO7 6JX', 'UK'),
    (10742, 'BOTTM', 3, '2017-11-14', '2017-12-12', '2017-11-18', 3, 243.73, 'Bottom-Dollar Markets', '23 Tsawassen Blvd.', 'Tsawassen', 'North America', 'T2F 8M4', 'Canada'),
    (10743, 'AROUT', 1, '2017-11-17', '2017-12-15', '2017-11-21', 2, 23.72, 'Around the Horn', 'Brook Farm Stratford St. Mary', 'Colchester', 'British Isles', 'CO7 6JX', 'UK'),
    (10744, 'VAFFE', 6, '2017-11-17', '2017-12-15', '2017-11-24', 1, 69.19, 'Vaffeljernet', 'Smagsloget 45', 'Århus', 'Northern Europe', 8200, 'Denmark'),
    (10745, 'QUICK', 9, '2017-11-18', '2017-12-16', '2017-11-27', 1, 3.52, 'QUICK-Stop', 'Taucherstraße 10', 'Cunewalde', 'Western Europe', 1307, 'Germany'),
    (10746, 'CHOPS', 1, '2017-11-19', '2017-12-17', '2017-11-21', 3, 31.43, 'Chop-suey Chinese', 'Hauptstr. 31', 'Bern', 'Western Europe', 3012, 'Switzerland'),
    (10747, 'PICCO', 6, '2017-11-19', '2017-12-17', '2017-11-26', 1, 117.33, 'Piccolo und mehr', 'Geislweg 14', 'Salzburg', 'Western Europe', 5020, 'Austria'),
    (10748, 'SAVEA', 3, '2017-11-20', '2017-12-18', '2017-11-28', 1, 232.55, 'Save-a-lot Markets', '187 Suffolk Ln.', 'Boise', 'North America', 83720, 'USA'),
    (10749, 'ISLAT', 4, '2017-11-20', '2017-12-18', '2017-12-19', 2, 61.53, 'Island Trading', 'Garden House Crowther Way', 'Cowes', 'British Isles', 'PO31 7PJ', 'UK'),
    (10750, 'WARTH', 9, '2017-11-21', '2017-12-19', '2017-11-24', 1, 79.3, 'Wartian Herkku', 'Torikatu 38', 'Oulu', 'Scandinavia', 90110, 'Finland'),
    (10751, 'RICSU', 3, '2017-11-24', '2017-12-22', '2017-12-03', 3, 130.79, 'Richter Supermarkt', 'Starenweg 5', 'Genève', 'Western Europe', 1204, 'Switzerland'),
    (10752, 'NORTS', 2, '2017-11-24', '2017-12-22', '2017-11-28', 3, 1.39, 'North/South', 'South House 300 Queensbridge', 'London', 'British Isles', 'SW7 1RZ', 'UK'),
    (10753, 'FRANS', 3, '2017-11-25', '2017-12-23', '2017-11-27', 1, 7.7, 'Franchi S.p.A.', 'Via Monte Bianco 34', 'Torino', 'Southern Europe', 10100, 'Italy'),
    (10754, 'MAGAA', 6, '2017-11-25', '2017-12-23', '2017-11-27', 3, 2.38, 'Magazzini Alimentari Riuniti', 'Via Ludovico il Moro 22', 'Bergamo', 'Southern Europe', 24100, 'Italy'),
    (10755, 'BONAP', 4, '2017-11-26', '2017-12-24', '2017-11-28', 2, 16.71, 'Bon app-', '12, rue des Bouchers', 'Marseille', 'Western Europe', 13008, 'France'),
    (10756, 'SPLIR', 8, '2017-11-27', '2017-12-25', '2017-12-02', 2, 73.21, 'Split Rail Beer & Ale', 'P.O. Box 555', 'Lander', 'North America', 82520, 'USA'),
    (10757, 'SAVEA', 6, '2017-11-27', '2017-12-25', '2017-12-15', 1, 8.19, 'Save-a-lot Markets', '187 Suffolk Ln.', 'Boise', 'North America', 83720, 'USA'),
    (10758, 'RICSU', 3, '2017-11-28', '2017-12-26', '2017-12-04', 3, 138.17, 'Richter Supermarkt', 'Starenweg 5', 'Genève', 'Western Europe', 1204, 'Switzerland'),
    (10759, 'ANATR', 3, '2017-11-28', '2017-12-26', '2017-12-12', 3, 11.99, 'Ana Trujillo Emparedados y helados', 'Avda. de la Constitución 2222', 'México D.F.', 'Central America', 5021, 'Mexico'),
    (10760, 'MAISD', 4, '2017-12-01', '2017-12-29', '2017-12-10', 1, 155.64, 'Maison Dewey', 'Rue Joseph-Bens 532', 'Bruxelles', 'Western Europe', 'B-1180', 'Belgium'),
    (10761, 'RATTC', 5, '2017-12-02', '2017-12-30', '2017-12-08', 2, 18.66, 'Rattlesnake Canyon Grocery', '2817 Milton Dr.', 'Albuquerque', 'North America', 87110, 'USA'),
    (10762, 'FOLKO', 3, '2017-12-02', '2017-12-30', '2017-12-09', 1, 328.74, 'Folk och fä HB', 'Åkergatan 24', 'Bräcke', 'Northern Europe', 'S-844 67', 'Sweden'),
    (10763, 'FOLIG', 3, '2017-12-03', '2017-12-31', '2017-12-08', 3, 37.35, 'Folies gourmandes', '184, chaussée de Tournai', 'Lille', 'Western Europe', 59000, 'France'),
    (10764, 'ERNSH', 6, '2017-12-03', '2017-12-31', '2017-12-08', 3, 145.45, 'Ernst Handel', 'Kirchgasse 6', 'Graz', 'Western Europe', 8010, 'Austria'),
    (10765, 'QUICK', 3, '2017-12-04', '2018-01-01', '2017-12-09', 3, 42.74, 'QUICK-Stop', 'Taucherstraße 10', 'Cunewalde', 'Western Europe', 1307, 'Germany'),
    (10766, 'OTTIK', 4, '2017-12-05', '2018-01-02', '2017-12-09', 1, 157.55, 'Ottilies Käseladen', 'Mehrheimerstr. 369', 'Köln', 'Western Europe', 50739, 'Germany'),
    (10767, 'SUPRD', 4, '2017-12-05', '2018-01-02', '2017-12-15', 3, 1.59, 'Suprêmes délices', 'Boulevard Tirou, 255', 'Charleroi', 'Western Europe', 'B-6000', 'Belgium'),
    (10768, 'AROUT', 3, '2017-12-08', '2018-01-05', '2017-12-15', 2, 146.32, 'Around the Horn', 'Brook Farm Stratford St. Mary', 'Colchester', 'British Isles', 'CO7 6JX', 'UK'),
    (10769, 'VAFFE', 3, '2017-12-08', '2018-01-05', '2017-12-12', 1, 65.06, 'Vaffeljernet', 'Smagsloget 45', 'Århus', 'Northern Europe', 8200, 'Denmark'),
    (10770, 'HANAR', 8, '2017-12-09', '2018-01-06', '2017-12-17', 3, 5.32, 'Hanari Carnes', 'Rua do Paço, 67', 'Rio de Janeiro', 'South America', '05454-876', 'Brazil'),
    (10771, 'ERNSH', 9, '2017-12-10', '2018-01-07', '2018-01-02', 2, 11.19, 'Ernst Handel', 'Kirchgasse 6', 'Graz', 'Western Europe', 8010, 'Austria'),
    (10772, 'LEHMS', 3, '2017-12-10', '2018-01-07', '2017-12-19', 2, 91.28, 'Lehmanns Marktstand', 'Magazinweg 7', 'Frankfurt a.M.', 'Western Europe', 60528, 'Germany'),
    (10773, 'ERNSH', 1, '2017-12-11', '2018-01-08', '2017-12-16', 3, 96.43, 'Ernst Handel', 'Kirchgasse 6', 'Graz', 'Western Europe', 8010, 'Austria'),
    (10774, 'FOLKO', 4, '2017-12-11', '2017-12-25', '2017-12-12', 1, 48.2, 'Folk och fä HB', 'Åkergatan 24', 'Bräcke', 'Northern Europe', 'S-844 67', 'Sweden'),
    (10775, 'THECR', 7, '2017-12-12', '2018-01-09', '2017-12-26', 1, 20.25, 'The Cracker Box', '55 Grizzly Peak Rd.', 'Butte', 'North America', 59801, 'USA'),
    (10776, 'ERNSH', 1, '2017-12-15', '2018-01-12', '2017-12-18', 3, 351.53, 'Ernst Handel', 'Kirchgasse 6', 'Graz', 'Western Europe', 8010, 'Austria'),
    (10777, 'GOURL', 7, '2017-12-15', '2017-12-29', '2018-01-21', 2, 3.01, 'Gourmet Lanchonetes', 'Av. Brasil, 442', 'Campinas', 'South America', '04876-786', 'Brazil'),
    (10778, 'BERGS', 3, '2017-12-16', '2018-01-13', '2017-12-24', 1, 6.79, 'Berglunds snabbköp', 'Berguvsvägen  8', 'Luleå', 'Northern Europe', 'S-958 22', 'Sweden'),
    (10779, 'MORGK', 3, '2017-12-16', '2018-01-13', '2018-01-14', 2, 58.13, 'Morgenstern Gesundkost', 'Heerstr. 22', 'Leipzig', 'Western Europe', 4179, 'Germany'),
    (10780, 'LILAS', 2, '2017-12-16', '2017-12-30', '2017-12-25', 1, 42.13, 'LILA-Supermercado', 'Carrera 52 con Ave. Bolívar #65-98 Llano Largo', 'Barquisimeto', 'South America', 3508, 'Venezuela'),
    (10781, 'WARTH', 2, '2017-12-17', '2018-01-14', '2017-12-19', 3, 73.16, 'Wartian Herkku', 'Torikatu 38', 'Oulu', 'Scandinavia', 90110, 'Finland'),
    (10782, 'CACTU', 9, '2017-12-17', '2018-01-14', '2017-12-22', 3, 1.1, 'Cactus Comidas para llevar', 'Cerrito 333', 'Buenos Aires', 'South America', 1010, 'Argentina'),
    (10783, 'HANAR', 4, '2017-12-18', '2018-01-15', '2017-12-19', 2, 124.98, 'Hanari Carnes', 'Rua do Paço, 67', 'Rio de Janeiro', 'South America', '05454-876', 'Brazil'),
    (10784, 'MAGAA', 4, '2017-12-18', '2018-01-15', '2017-12-22', 3, 70.09, 'Magazzini Alimentari Riuniti', 'Via Ludovico il Moro 22', 'Bergamo', 'Southern Europe', 24100, 'Italy'),
    (10785, 'GROSR', 1, '2017-12-18', '2018-01-15', '2017-12-24', 3, 1.51, 'GROSELLA-Restaurante', '5ª Ave. Los Palos Grandes', 'Caracas', 'South America', 1081, 'Venezuela'),
    (10786, 'QUEEN', 8, '2017-12-19', '2018-01-16', '2017-12-23', 1, 110.87, 'Queen Cozinha', 'Alameda dos Canàrios, 891', 'Sao Paulo', 'South America', '05487-020', 'Brazil'),
    (10787, 'LAMAI', 2, '2017-12-19', '2018-01-02', '2017-12-26', 1, 249.93, 'La maison d-Asie', '1 rue Alsace-Lorraine', 'Toulouse', 'Western Europe', 31000, 'France'),
    (10788, 'QUICK', 1, '2017-12-22', '2018-01-19', '2018-01-19', 2, 42.7, 'QUICK-Stop', 'Taucherstraße 10', 'Cunewalde', 'Western Europe', 1307, 'Germany'),
    (10789, 'FOLIG', 1, '2017-12-22', '2018-01-19', '2017-12-31', 2, 100.6, 'Folies gourmandes', '184, chaussée de Tournai', 'Lille', 'Western Europe', 59000, 'France'),
    (10790, 'GOURL', 6, '2017-12-22', '2018-01-19', '2017-12-26', 1, 28.23, 'Gourmet Lanchonetes', 'Av. Brasil, 442', 'Campinas', 'South America', '04876-786', 'Brazil'),
    (10791, 'FRANK', 6, '2017-12-23', '2018-01-20', '2018-01-01', 2, 16.85, 'Frankenversand', 'Berliner Platz 43', 'München', 'Western Europe', 80805, 'Germany'),
    (10792, 'WOLZA', 1, '2017-12-23', '2018-01-20', '2017-12-31', 3, 23.79, 'Wolski Zajazd', 'ul. Filtrowa 68', 'Warszawa', 'Eastern Europe', '01-012', 'Poland'),
    (10793, 'AROUT', 3, '2017-12-24', '2018-01-21', '2018-01-08', 3, 4.52, 'Around the Horn', 'Brook Farm Stratford St. Mary', 'Colchester', 'British Isles', 'CO7 6JX', 'UK'),
    (10794, 'QUEDE', 6, '2017-12-24', '2018-01-21', '2018-01-02', 1, 21.49, 'Que Delícia', 'Rua da Panificadora, 12', 'Rio de Janeiro', 'South America', '02389-673', 'Brazil'),
    (10795, 'ERNSH', 8, '2017-12-24', '2018-01-21', '2018-01-20', 2, 126.66, 'Ernst Handel', 'Kirchgasse 6', 'Graz', 'Western Europe', 8010, 'Austria'),
    (10796, 'HILAA', 3, '2017-12-25', '2018-01-22', '2018-01-14', 1, 26.52, 'HILARION-Abastos', 'Carrera 22 con Ave. Carlos Soublette #8-35', 'San Cristóbal', 'South America', 5022, 'Venezuela'),
    (10797, 'DRACD', 7, '2017-12-25', '2018-01-22', '2018-01-05', 2, 33.35, 'Drachenblut Delikatessen', 'Walserweg 21', 'Aachen', 'Western Europe', 52066, 'Germany'),
    (10798, 'ISLAT', 2, '2017-12-26', '2018-01-23', '2018-01-05', 1, 2.33, 'Island Trading', 'Garden House Crowther Way', 'Cowes', 'British Isles', 'PO31 7PJ', 'UK'),
    (10799, 'KOENE', 9, '2017-12-26', '2018-02-06', '2018-01-05', 3, 30.76, 'Königlich Essen', 'Maubelstr. 90', 'Brandenburg', 'Western Europe', 14776, 'Germany'),
    (10800, 'SEVES', 1, '2017-12-26', '2018-01-23', '2018-01-05', 3, 137.44, 'Seven Seas Imports', '90 Wadhurst Rd.', 'London', 'British Isles', 'OX15 4NB', 'UK');
    